high,volume
50.06,1646494.0
50.06,0.0
50.06,0.0
50.06,0.0
57.45,4046071.0
67.44,4206984.0
63.22,1516700.0
62.0,1039453.0
62.7,542507.0
64.29,735747.0
67.825,1185911.0
70.8,1624124.0
69.58,1405422.0
69.73,230473.0
93.93,3133589.0
96.51,2261714.0
93.82,1319375.0
92.74,734989.0
95.94,943682.0
91.48,517913.0
93.17,562366.0
92.2,178981.0
91.88,450046.0
90.49,434927.0
92.8,519987.0
93.5,693523.0
89.16,1149706.0
81.19,84821.0
89.16,1473131.0
84.29,631084.0
80.84,536204.0
80.5,364968.0
80.8,173747.0
80.5,127950.0
80.42,78517.0
80.5,91540.0
79.795,54299.0
79.9,107046.0
79.52,209926.0
77.8,170875.0
78.0,358723.0
78.94,58689.0
79.39,604458.0
74.65,598612.0
73.83,367236.0
73.3,140756.0
72.69,161279.0
72.45,149373.0
73.05,208770.0
71.87,137022.0
71.25,236812.0
70.39,203714.0
70.01,129099.0
70.75,189181.0
70.26,262510.0
68.895,20135.0
74.0,473741.0
75.5,470984.0
76.48,507728.0
72.51,310969.0
73.0,112979.0
75.0,201965.0
75.15,85970.0
75.0,75520.0
74.99,67232.0
79.43,305893.0
78.02,193885.0
79.89,289483.0
79.7,481962.0
78.065,473780.0
85.87,882046.0
88.0,546175.0
89.5,623768.0
88.99,287911.0
88.51,140685.0
87.09,230821.0
85.06,120227.0
84.71,176198.0
82.88,173144.0
84.66,161061.0
83.51,86733.0
83.81,70279.0
83.99,107495.0
84.66,40821.0
95.23,518605.0
91.98,278979.0
90.99,198846.0
88.5,178550.0
89.74,119388.0
89.37,57855.0
89.2,93215.0
88.4,75124.0
88.8,47583.0
88.6,179415.0
85.07,259019.0
85.07,170244.0
82.305,313425.0
78.5,27033.0
82.73,290919.0
81.95,308533.0
79.35,183585.0
78.4,70611.0
78.19,72910.0
77.22,424010.0
77.59,195194.0
78.5,101212.0
78.9,91074.0
78.105,66695.0
76.25,96083.0
76.28,40536.0
76.0,100849.0
76.14,15841.0
81.0,238886.0
77.99,145446.0
78.19,73120.0
78.3,86068.0
76.76,119836.0
74.85,124818.0
74.24,42229.0
74.065,80523.0
74.85,69241.0
75.0,45053.0
74.8,37704.0
74.1,110093.0
74.3,127390.0
74.3,18258.0
76.52,260741.0
75.115,123909.0
74.97,69611.0
74.2,58807.0
75.08,99096.0
76.3,84678.0
76.36,80423.0
76.22,36258.0
76.07,36795.0
77.845,170990.0
77.74,59373.0
77.87,69075.0
80.74,255277.0
79.29,22069.0
78.66,104355.0
79.655,103322.0
78.69,41646.0
83.72,260654.0
84.74,203736.0
85.84,153904.0
85.8,244284.0
83.28,128348.0
84.25,110103.0
84.0,78870.0
85.03,170212.0
88.0,237310.0
87.49,181111.0
85.96,20289.0
86.98,154935.0
86.825,145303.0
86.0,48041.0
85.27,61531.0
84.85,83608.0
84.05,82957.0
85.0,45876.0
85.38,41924.0
86.22,66887.0
85.85,21912.0
85.32,49350.0
84.99,51921.0
85.2,53344.0
84.45,14247.0
85.2,87298.0
83.85,43926.0
83.9,27730.0
83.3,29720.0
82.89,32571.0
82.7,20361.0
82.64,14925.0
82.245,34066.0
81.91,29793.0
83.5,33955.0
83.33,31897.0
82.43,29673.0
81.7,82465.0
80.85,8286.0
81.9,35011.0
81.2817,91593.0
79.08,97694.0
79.0,66444.0
78.76,48559.0
78.65,21784.0
78.74,35324.0
79.29,32954.0
78.89,18804.0
79.45,16683.0
79.57,45590.0
78.87,34900.0
78.7,67849.0
78.545,9893.0
83.7299,120025.0
86.69,406794.0
85.53,115764.0
86.75,137406.0
85.865,89316.0
85.23,90201.0
84.75,56549.0
85.0,73451.0
84.69,72606.0
82.65,73751.0
81.49,94712.0
80.47,64996.0
82.35,191266.0
82.2,30229.0
80.3899,209896.0
79.45,165720.0
81.0,95708.0
82.74,88281.0
81.75,52673.0
81.79,63702.0
80.81,42832.0
80.22,30646.0
79.75,74599.0
79.86,54407.0
79.5,72246.0
79.735,37617.0
80.39,129853.0
78.08,32091.0
75.69,625663.0
73.8,384291.0
73.34,128558.0
72.64,135157.0
72.26,87186.0
73.22,111828.0
72.35,45375.0
72.58,48921.0
72.9,85509.0
72.75,41372.0
72.75,24538.0
72.43,77365.0
73.36,178500.0
73.1,23821.0
73.5,67771.0
73.275,53222.0
72.5,63088.0
71.52,292706.0
70.55,135841.0
70.59,48761.0
70.45,35799.0
70.4,52173.0
70.315,61695.0
70.0,57457.0
69.91,48926.0
69.41,180699.0
68.555,329115.0
66.75,45817.0
69.3,188466.0
68.18,135851.0
67.69,67194.0
68.14,51344.0
68.55,48383.0
68.64,32725.0
68.78,22469.0
70.5,91875.0
70.48,77491.0
70.39,65817.0
70.38,41195.0
70.02,48864.0
69.49,62862.0
69.06,14431.0
68.0,189605.0
66.575,70139.0
67.0,33125.0
66.82,22592.0
68.17,43432.0
68.42,26259.0
68.35,31604.0
68.29,36552.0
67.84,18145.0
67.74,34157.0
67.62,29370.0
67.05,66189.0
66.6,205079.0
65.26,29659.0
67.47,184952.0
63.3,169699.0
62.675,95581.0
62.82,67909.0
62.29,130654.0
62.35,122870.0
61.51,106863.0
60.84,130061.0
60.74,56900.0
60.59,43765.0
60.825,67054.0
60.54,164846.0
60.01,446299.0
58.18,55187.0
61.18,292712.0
59.6,154523.0
59.97,166753.0
59.4,83947.0
59.33,58744.0
59.5,115256.0
58.98,50153.0
58.99,68021.0
59.13,54436.0
58.71,62852.0
58.82,39798.0
58.61,174513.0
57.525,230282.0
56.97,26634.0
60.73,313187.0
62.39,289002.0
61.1,124733.0
61.59,124610.0
61.48,92908.0
60.64,49344.0
60.87,44399.0
60.97,97715.0
61.61,67113.0
61.58,48962.0
61.16,38779.0
61.34,31593.0
61.37,113708.0
61.14,28408.0
63.32,166887.0
62.35,119255.0
60.94,103382.0
60.59,40134.0
61.22,44065.0
61.2,25607.0
61.75,24605.0
62.21,58874.0
64.53,174381.0
64.27,37155.0
64.87,82368.0
64.67,75114.0
64.52,146641.0
64.48,8165.0
67.85,171271.0
69.86,379454.0
68.9,121034.0
68.0,51806.0
67.5,40800.0
68.08,46958.0
68.21,29842.0
68.85,44487.0
68.9,47205.0
68.78,27129.0
68.615,39415.0
68.99,48692.0
68.95,65560.0
68.7,23782.0
69.024,136429.0
67.505,50937.0
67.6,49055.0
68.93,57545.0
68.89,23746.0
68.34,50620.0
68.3,30942.0
68.08,35814.0
67.6,19085.0
67.65,32311.0
67.01,37498.0
66.62,30564.0
66.73,61597.0
66.84,26830.0
68.76,148330.0
67.47,68949.0
67.7,79688.0
67.0,74585.0
65.95,40282.0
65.15,43432.0
64.45,48177.0
64.51,33508.0
65.73,32912.0
66.61,101066.0
67.42,83673.0
67.63,33148.0
67.4,66332.0
67.41,24815.0
67.54,116816.0
65.3,64058.0
65.27,47840.0
65.17,38066.0
64.84,49736.0
64.36,33414.0
64.37,56475.0
64.45,35026.0
64.5,52283.0
64.15,77847.0
63.59,70796.0
63.26,97074.0
63.58,167246.0
62.97,20534.0
61.0,443599.0
61.98,326266.0
62.66,100351.0
61.72,229349.0
63.4,167085.0
62.3,76604.0
61.5,51927.0
61.15,45886.0
60.84,63638.0
60.99,54342.0
60.38,33545.0
61.07,70282.0
61.49,104992.0
60.87,49611.0
62.47,85554.0
62.34,85533.0
61.41,76281.0
61.25,48143.0
61.1,65669.0
60.59,90270.0
60.29,52053.0
60.01,69413.0
59.59,74196.0
59.46,69002.0
58.73,77164.0
58.72,87290.0
59.44,97871.0
59.34,24376.0
62.31,189457.0
62.75,145553.0
62.66,101363.0
62.6,55290.0
62.55,39074.0
62.68,37174.0
63.45,97676.0
63.82,84984.0
63.7,36507.0
63.61,30382.0
63.7,39231.0
63.01,86805.0
63.23,82688.0
63.22,29777.0
63.26,94317.0
63.25,56617.0
62.95,54096.0
62.28,41469.0
61.925,62867.0
61.09,56936.0
60.88,47640.0
61.09,66877.0
61.25,42477.0
61.25,21451.0
61.24,29407.0
61.25,30208.0
61.96,62259.0
61.49,10490.0
62.4499,73348.0
62.1,43319.0
61.12,25695.0
61.32,22925.0
61.49,38026.0
61.84,30792.0
62.03,24367.0
62.65,39984.0
62.8,35593.0
62.5,27367.0
62.31,22449.0
62.2,35087.0
61.81,39166.0
61.82,19090.0
62.17,48115.0
62.0,20815.0
61.5524,29361.0
61.615,35632.0
61.26,15826.0
61.45,12198.0
61.96,20437.0
62.32,15397.0
62.33,21877.0
62.24,20435.0
61.94,19126.0
62.0,46525.0
62.0,36874.0
61.745,13184.0
61.63,43016.0
61.7,26512.0
61.47,31772.0
61.195,67555.0
61.26,37571.0
61.08,21981.0
60.86,24197.0
60.82,13662.0
60.9,22995.0
61.07,20429.0
61.02,29874.0
60.77,95363.0
60.4,62363.0
59.98,19714.0
60.35,47987.0
60.22,44307.0
60.0,36854.0
60.11,39723.0
60.54,34965.0
60.65,28531.0
60.65,12567.0
60.42,17959.0
60.12,15294.0
60.0,22212.0
60.2,22195.0
60.19,12808.0
60.6,68046.0
60.3,16197.0
63.5,301203.0
64.4,268230.0
64.87,125125.0
64.96,119788.0
64.77,79702.0
64.55,80945.0
64.5,50980.0
64.67,85037.0
64.85,49860.0
65.5,114030.0
65.94,80068.0
66.14,87154.0
66.35,197696.0
66.0,48893.0
66.0,278153.0
63.89,188512.0
62.97,134554.0
62.395,104848.0
61.8,179499.0
61.34,96303.0
61.31,74346.0
61.56,49625.0
61.64,60020.0
61.46,74241.0
61.15,111029.0
61.2,77293.0
61.63,160431.0
61.04,28288.0
62.44,226093.0
62.98,121090.0
62.61,77290.0
62.02,129523.0
61.75,70727.0
61.48,44607.0
61.2,44767.0
60.965,25694.0
61.69,41309.0
61.33,39715.0
61.09,35915.0
61.24,126366.0
61.33,146352.0
61.26,16378.0
62.66,159589.0
61.4,134024.0
60.8,52740.0
61.2,54848.0
60.91,40355.0
61.06,36787.0
60.5,172879.0
59.19,172745.0
58.92,92692.0
59.47,89773.0
59.67,60141.0
59.4,44147.0
59.32,126369.0
58.46,30257.0
59.4,109250.0
60.0,67812.0
60.41,64212.0
60.57899999999999,36196.0
60.96,56891.0
61.48,63368.0
61.665,73059.0
60.46,102721.0
59.46,107020.0
59.03,85040.0
58.93,88081.0
58.72,126692.0
58.49,165457.0
58.24,19743.0
59.05,165468.0
58.585,97497.0
58.35,53137.0
58.15,59732.0
58.21,62500.0
58.43,74491.0
58.41,23668.0
58.6,37769.0
58.97,34089.0
58.87,24715.0
59.045,55586.0
59.2,39797.0
59.07,105863.0
58.94,19275.0
59.21,135293.0
58.23,84216.0
58.11,125372.0
58.02,126218.0
57.43,89312.0
57.39,54491.0
57.28,47405.0
57.17,83646.0
57.15,66398.0
56.75,118157.0
56.48,76118.0
56.13,138878.0
56.51,118575.0
56.29,22982.0
57.25,170361.0
56.34,81664.0
55.81,176355.0
54.88,210578.0
53.65,167496.0
53.4,130848.0
53.48,82654.0
53.91,85419.0
53.82,109752.0
54.17,243616.0
54.3,91547.0
54.8,109506.0
55.0,209895.0
54.7,24090.0
54.2,154693.0
53.04,193113.0
52.315,221786.0
51.49,146388.0
52.67,145282.0
52.37,64681.0
51.65,90476.0
51.13,50660.0
51.0,90563.0
50.9,86305.0
51.01,84785.0
50.4,90361.0
50.75,164132.0
50.89,37832.0
51.96,286142.0
48.63,332426.0
45.86,580968.0
46.77,323661.0
46.98,441440.0
47.7,131734.0
47.865,114362.0
47.345,92604.0
47.29,56289.0
47.65,84351.0
48.15,172135.0
48.27,106770.0
47.85,132158.0
47.62,31071.0
46.93,258063.0
47.25,120057.0
47.5,92966.0
47.27,44515.0
47.15,32549.0
48.0,56494.0
49.24,103472.0
49.33,87842.0
48.8,43760.0
48.75,45174.0
48.0,51058.0
47.72,54078.0
47.85,69841.0
47.29,20168.0
49.4,198845.0
50.775,176378.0
51.05,150135.0
51.25,118618.0
50.655,39200.0
50.38,43943.0
49.955,34716.0
50.13,42713.0
50.45,46714.0
50.25,37006.0
50.6,38896.0
50.6,41987.0
50.57,87875.0
50.22,19958.0
51.99,103701.0
51.91,75147.0
52.45,76495.0
52.28,64300.0
52.87,52990.0
52.75,35185.0
53.7,91301.0
54.75,95101.0
54.395,48039.0
53.8,114843.0
52.78,53160.0
52.9,46400.0
52.67,55370.0
52.4,28569.0
53.0,108166.0
51.96,33864.0
51.7,40526.0
51.49,25043.0
52.0,29700.0
52.08,43136.0
52.09,36806.0
51.29,72712.0
50.5,46850.0
50.32,29647.0
50.49,24193.0
50.635,82365.0
50.5,97496.0
50.17,24308.0
51.255,96052.0
49.82,73972.0
49.285,146937.0
48.67,142387.0
48.48,91262.0
48.91,86388.0
48.7,60580.0
49.3,53145.0
49.6,31162.0
49.49,48702.0
48.94,53110.0
48.76,102019.0
48.65,83701.0
48.78,48414.0
49.67,115263.0
49.0365,50212.0
48.47,88947.0
48.47,72039.0
48.27,27576.0
48.26,49172.0
48.11,50401.0
47.95,32881.0
47.84,38221.0
47.86,47557.0
47.73,32848.0
47.52,106294.0
47.28,128793.0
47.15,35762.0
48.44,105713.0
49.01,88673.0
49.39,121618.0
48.6,59793.0
48.565,64437.0
48.45,33645.0
48.41,46161.0
49.16,92720.0
48.9,23352.0
48.92,29249.0
48.77,47143.0
48.73,58707.0
48.63,86766.0
48.75,39283.0
48.6599,92722.0
48.75,75830.0
48.54,71795.0
48.52,23376.0
49.14,59803.0
49.35,68708.0
50.6,124911.0
51.3,164347.0
50.9,70910.0
51.15,99700.0
52.0,89496.0
52.04,77967.0
51.88,106604.0
51.88,35527.0
53.04,115221.0
54.07,196717.0
54.28,123380.0
55.155,153282.0
55.98,182015.0
56.4,221047.0
55.21,181062.0
55.81,129175.0
54.91,104393.0
55.25,56619.0
55.58,77827.0
55.24,70442.0
55.39,193953.0
55.36,1090361.0
53.86,195595.0
53.2,166217.0
52.85,122863.0
54.4,150942.0
53.53,67576.0
53.68,92412.0
52.33,226780.0
51.98,103999.0
52.255,44424.0
52.15,28237.0
52.07,51223.0
52.74,43045.0
52.87,68128.0
52.93,31687.0
54.21,128988.0
51.8,43337.0
51.73,44362.0
52.21,50259.0
52.23,13816.0
52.65,14574.0
52.58,21709.0
52.67,16217.0
53.07,24331.0
53.61,33043.0
53.61,29399.0
54.07,44803.0
54.3,100910.0
54.1,18282.0
55.3899,109826.0
56.93,177887.0
55.6,66010.0
55.37,44518.0
53.94,39031.0
53.2,34262.0
53.46,37014.0
53.4,33802.0
53.13,35428.0
52.3,110348.0
51.8,42708.0
50.85,123952.0
50.77,111735.0
49.91,25014.0
49.49,130606.0
50.09,74606.0
50.7,65283.0
50.7,68490.0
50.74,53779.0
50.61,27291.0
50.31,23892.0
50.75,26577.0
50.57,25683.0
50.04,23672.0
49.85,39684.0
49.82,58746.0
48.93,188369.0
48.0,24590.0
49.3399,55171.0
49.32,51902.0
49.89,29997.0
49.44,38557.0
49.7,27600.0
49.69,5881.0
49.8,42790.0
50.7,51537.0
50.87,32890.0
50.85,29548.0
50.88,28759.0
51.0,31610.0
50.99,39232.0
51.03,13972.0
52.28,62296.0
51.9,18754.0
51.98,18529.0
51.89,11467.0
51.77,15848.0
51.58,17966.0
51.25,16614.0
51.25,21544.0
50.62,24524.0
50.76,14952.0
50.88,14971.0
51.16,34533.0
51.72,91121.0
51.26,32210.0
50.8799,93490.0
50.1,60430.0
49.81,59287.0
49.23,91394.0
49.1,38342.0
49.02,62298.0
49.1,20286.0
49.14,31245.0
49.21,59395.0
50.35,88033.0
50.26,24726.0
50.1,26920.0
49.72,55754.0
49.61,27191.0
50.79,37906.0
50.98,24257.0
50.72,27829.0
50.7,9293.0
50.5599,12427.0
50.4767,13641.0
50.5128,9945.0
50.65,14300.0
51.08,26222.0
51.53,66270.0
51.0,25369.0
50.77,27865.0
50.565,84024.0
49.72,51041.0
51.144,94717.0
49.85,51336.0
49.58,48762.0
50.32,47310.0
50.47,79447.0
50.61,53343.0
51.79,90505.0
52.15,126292.0
52.06,44463.0
51.82,49444.0
51.51,35378.0
51.0,33972.0
51.47,130123.0
51.47,17679.0
51.42,76682.0
53.34,69935.0
53.29,111234.0
52.48,101802.0
52.36,82857.0
52.59,74296.0
52.63,77191.0
53.16,83334.0
52.89,84374.0
52.72,70760.0
52.29,65227.0
52.18,73726.0
52.3,86364.0
51.66,10603.0
54.75,111378.0
54.05,53400.0
53.56,19273.0
53.59,33004.0
53.74,25780.0
54.26,43705.0
54.2,24166.0
53.95,19263.0
54.27,31588.0
54.32,27719.0
54.28,21165.0
54.16,24275.0
54.37,64257.0
54.08,13477.0
55.39,90124.0
54.8,39325.0
54.73,22747.0
55.07,32160.0
54.9,26895.0
54.81,11338.0
54.59,19989.0
54.41,27820.0
54.32,16498.0
54.15,23352.0
53.725,42232.0
52.7,74694.0
52.975,88424.0
52.49,23761.0
54.9,63678.0
54.2699,32573.0
54.13,65804.0
54.01,24623.0
53.81,15649.0
53.53,18589.0
53.73,17803.0
53.89,19600.0
53.84,18105.0
53.84,66831.0
53.79,11898.0
53.82,14818.0
53.91,40019.0
53.63,9808.0
56.6,157488.0
58.81,351813.0
58.35,120643.0
58.52,105477.0
58.7,77055.0
57.57,56496.0
57.82,30634.0
58.64,55631.0
58.79,70843.0
59.6,125774.0
59.85,94135.0
59.85,58597.0
60.0,152441.0
60.11,57953.0
61.62,192712.0
62.1,171385.0
63.6,222786.0
64.6,260916.0
64.81,137813.0
65.46,166079.0
66.5,178214.0
67.61,163975.0
68.12,192406.0
67.235,129093.0
67.745,129845.0
68.17,151757.0
67.8,187721.0
67.81,49831.0
67.85,370902.0
66.87,130895.0
68.99,189121.0
67.23,87036.0
65.68,43399.0
67.99,107314.0
67.93,52943.0
67.85,87438.0
67.06,34147.0
66.71,68745.0
65.98,53699.0
66.39,55195.0
66.38,81515.0
66.17,24365.0
65.75,98061.0
66.39,73112.0
67.19,58868.0
67.52,54136.0
67.75,66880.0
68.0,47095.0
68.2,59827.0
68.59,51298.0
68.17,54106.0
68.31,25205.0
68.08,67592.0
66.76,28425.0
66.88,44175.0
66.73,17997.0
69.7,155828.0
71.6,311509.0
71.2,150666.0
72.55,173646.0
71.59,104375.0
70.53,103495.0
70.5,87739.0
69.44,85649.0
68.74,59593.0
68.86,26649.0
68.735,35900.0
69.12,40370.0
68.79,56480.0
68.51,79918.0
65.62,357787.0
63.58,202901.0
63.0,175866.0
64.7,184836.0
64.85,89731.0
63.85,60296.0
64.12,79473.0
62.52,198129.0
62.68,95762.0
62.5,56055.0
62.33,61350.0
63.01,104440.0
62.69,111067.0
62.46,34115.0
63.63,89925.0
63.1,47718.0
62.36,114874.0
61.0,161618.0
61.1,82445.0
61.36,108442.0
60.53,64403.0
60.13,89686.0
60.19,35169.0
60.49,34468.0
60.45,30483.0
60.08,66695.0
59.71,142504.0
59.22,40868.0
60.96,125026.0
60.62,62193.0
59.28,64201.0
59.59,34793.0
59.42,50029.0
59.89,38467.0
60.39,35053.0
60.5,27628.0
60.06,20728.0
60.0,19304.0
60.06,22663.0
59.54,40463.0
59.25,71077.0
59.11,10963.0
60.15,55005.0
60.735,90740.0
59.87,25531.0
59.96,28204.0
60.11,39820.0
60.02,19704.0
60.0,18873.0
60.05,27711.0
60.22,24581.0
60.05,26339.0
59.84,15745.0
59.75,26410.0
59.205,61885.0
58.82,22255.0
59.59,82631.0
59.45,75263.0
59.3,32604.0
58.915,132547.0
57.99,48705.0
57.88,37466.0
57.38,35830.0
57.85,30470.0
58.14,24436.0
58.16,17722.0
58.0,11924.0
58.0,21057.0
58.03,36231.0
57.99,13683.0
58.6399,31384.0
57.62,52778.0
56.21,139985.0
55.19,147062.0
54.41,93036.0
54.46,71665.0
54.085,76634.0
54.08,100382.0
53.575,106269.0
53.32,116692.0
53.34,103404.0
53.08,111496.0
53.28,220282.0
52.64,36257.0
53.87,105714.0
52.3,151147.0
51.19,171466.0
51.49,114485.0
51.1,63067.0
50.92,59979.0
50.5,108707.0
50.795,167720.0
50.62,71349.0
50.55,78653.0
50.35,91560.0
51.06,94289.0
51.18,129672.0
51.1,19719.0
52.09,127506.0
52.28,96004.0
50.49,144626.0
49.98,88886.0
50.15,98578.0
50.25,61290.0
49.63,86726.0
49.635,62200.0
50.11,48589.0
50.935,32865.0
51.7,85188.0
51.53,48804.0
51.51,94830.0
51.29,13092.0
51.89,48563.0
51.4499,51828.0
51.0,24648.0
51.08,40465.0
50.88,57359.0
50.41,23910.0
50.35,27367.0
50.45,14912.0
50.57,14552.0
50.49,25224.0
50.47,16045.0
50.865,30192.0
50.91,56587.0
50.86,11359.0
50.2,200900.0
48.89,56708.0
48.7,173608.0
48.63,133370.0
48.45,45646.0
49.0,53669.0
49.1,52170.0
49.0,30189.0
49.42,36079.0
49.2,37901.0
49.47,56992.0
49.77,48557.0
50.0,78032.0
49.13,30477.0
49.9163,91608.0
49.85,40928.0
49.05,39848.0
48.74,45597.0
48.51,100762.0
48.13,60178.0
48.06,97944.0
47.77,87685.0
47.72,50744.0
47.64,73605.0
47.62,110764.0
47.3,130951.0
47.099,143690.0
46.96,22313.0
49.225,146120.0
49.19,102863.0
48.2,76984.0
48.3,34874.0
49.19,76460.0
50.64,144318.0
51.05,86059.0
50.1,47926.0
50.11,43452.0
50.65,50331.0
50.2,42896.0
50.16,28665.0
50.08,57307.0
50.29,39079.0
52.49,136009.0
54.02,162503.0
53.9,136226.0
53.52,58067.0
53.52,69767.0
53.4,28697.0
52.92,31389.0
52.53,34353.0
52.24,32414.0
52.33,19486.0
52.52,22620.0
52.45,21757.0
52.94,107997.0
52.99,21953.0
56.4,139229.0
55.65,75778.0
55.22,49760.0
56.1,65076.0
56.87,81880.0
57.53,68144.0
57.775,77623.0
57.73,52701.0
57.75,65032.0
58.07,72456.0
58.65,67578.0
58.88,72608.0
59.28,144121.0
58.43,25908.0
59.0,112463.0
59.36,120665.0
59.76,69723.0
59.8,34399.0
59.755,21032.0
60.46,41415.0
60.83,65041.0
60.25,25366.0
60.25,23104.0
60.135,20898.0
60.23,23775.0
60.23,20862.0
60.09,37439.0
59.9,10337.0
62.7,96957.0
63.0,65585.0
62.22,45833.0
62.38,30188.0
62.45,28141.0
62.79,31252.0
62.27,23245.0
62.75,30664.0
62.61,20252.0
62.43,15119.0
63.42,53854.0
63.21,30950.0
64.18,130642.0
64.2,32424.0
63.1043,184252.0
61.29,106585.0
62.26,70599.0
61.76,44796.0
61.95,58174.0
61.58,37835.0
60.8,70099.0
61.41,40199.0
61.9,33743.0
62.21,26199.0
62.34,28736.0
62.3,43152.0
61.9,77000.0
61.37,20351.0
66.66,187389.0
63.76,79715.0
63.75,120035.0
63.87,57923.0
63.85,34301.0
64.36,51799.0
64.38,34733.0
64.365,34683.0
63.55,78501.0
66.11,100392.0
66.5,68594.0
66.55,63244.0
65.87,88227.0
65.62,32581.0
65.333,155126.0
62.76,105780.0
62.08,201083.0
62.66,102020.0
63.14,47991.0
64.14,54276.0
64.5,39170.0
64.17,25612.0
63.9,25142.0
65.2,63376.0
67.39,133337.0
68.565,142992.0
68.155,165466.0
65.92,29655.0
65.3,397173.0
62.06,225658.0
62.78,96141.0
63.33,71856.0
62.7,61609.0
62.22,69304.0
62.47,76474.0
62.16,59037.0
62.87,67305.0
62.41,86276.0
61.95,233277.0
60.15,243959.0
59.24,424721.0
58.0,67169.0
60.93,416140.0
58.24,321380.0
57.79,132168.0
57.93,114816.0
58.76,165324.0
58.21,137802.0
57.96,86759.0
57.4,110768.0
56.83,86521.0
56.95,124549.0
56.52,125642.0
56.22,132986.0
56.07,206170.0
56.0,37132.0
57.5,269279.0
57.43,207331.0
57.6,226607.0
57.6,129301.0
58.15,222404.0
57.42,91861.0
57.95,117959.0
58.68,125334.0
58.65,114221.0
59.52,105815.0
59.71,99497.0
60.18,159394.0
60.11,160828.0
60.05,39049.0
63.54,258102.0
63.47,132164.0
64.25,166851.0
64.6,112616.0
65.34,109356.0
65.65,123151.0
65.75,55110.0
65.7,63823.0
65.83,67746.0
66.03,88726.0
66.05,90321.0
65.74,65556.0
65.69,157385.0
65.39,59365.0
64.25,268381.0
65.49,218114.0
65.07,80530.0
64.57,58239.0
64.66,74824.0
64.93,96920.0
65.07,96047.0
65.01,90562.0
65.97,102049.0
65.34,115569.0
65.04,84050.0
65.0,99026.0
65.61,146235.0
65.44,24882.0
66.25,249956.0
64.92,184804.0
63.81,96676.0
64.04,78556.0
63.86,83632.0
63.79,58036.0
64.52,47316.0
64.26,23810.0
63.95,30449.0
64.09,37302.0
64.21,44229.0
64.03,36697.0
64.04,88260.0
63.82,23715.0
64.295,103552.0
64.02,51706.0
64.9,55725.0
64.605,38359.0
64.42,53590.0
63.98,35989.0
63.63,23985.0
63.82,22949.0
63.82,37918.0
63.47,40118.0
63.25,33912.0
62.76,138644.0
62.01,160479.0
62.25,34806.0
62.98,88716.0
62.19,54560.0
61.98,41411.0
62.65,73056.0
63.025,39305.0
63.33,31140.0
63.53,30431.0
63.29,18490.0
63.61,23278.0
63.55,19464.0
63.32,27052.0
63.27,20481.0
63.32,72957.0
63.15,15758.0
64.0,106674.0
62.38,90536.0
63.2,48254.0
63.59,40229.0
63.87,38048.0
63.97,88073.0
63.69,57096.0
63.7,32402.0
63.69,31388.0
63.49,18336.0
63.68,79594.0
64.1,78962.0
64.24,114648.0
64.33,37175.0
65.46,107216.0
65.28,69493.0
65.77,154886.0
65.68,78516.0
64.81,28607.0
65.15,29418.0
66.09,116523.0
68.11,268798.0
67.97,299143.0
68.97,223622.0
69.3,173300.0
69.14,175807.0
69.21,324365.0
68.99,47133.0
71.69,562884.0
69.805,199891.0
70.88,140452.0
72.11,236620.0
72.96,140282.0
73.11,137438.0
72.51,161925.0
72.3,61488.0
72.05,46607.0
71.58,83982.0
70.43,96124.0
68.58,148657.0
68.855,145756.0
68.31,31951.0
71.17,171683.0
73.04,244668.0
72.42,129296.0
73.91,247888.0
73.76,137978.0
74.91,204639.0
75.61,273618.0
75.25,37469.0
77.325,473280.0
75.89,133935.0
74.72,248499.0
72.59,126205.0
71.92,134997.0
71.13,191462.0
70.8,108970.0
70.7,85375.0
71.73,87686.0
70.48,179021.0
70.54,131566.0
70.32,134461.0
69.84,242194.0
69.38,177349.0
71.4,304777.0
67.46,349849.0
65.68,301102.0
66.34,163368.0
65.37,129490.0
64.83,78552.0
64.71,122847.0
65.25,82431.0
65.06,82214.0
66.05,122866.0
65.925,67881.0
64.36,110959.0
63.94,177971.0
63.78,29854.0
65.5,226962.0
66.4,151738.0
67.04,117964.0
65.83,120630.0
66.19,26405.0
66.64,70857.0
66.79,32347.0
66.36,20465.0
66.0,25681.0
66.01,34144.0
66.16,28943.0
66.58,27290.0
66.71,103197.0
66.84,36196.0
67.86,154395.0
68.55,116952.0
69.53,158355.0
70.79,362514.0
71.32,193268.0
73.0,288187.0
73.66,228726.0
81.05,2898177.0
80.0,1235366.0
81.5,977426.0
82.81,904276.0
83.15,749686.0
82.14,909545.0
80.45,112187.0
83.75,1103577.0
84.44,919604.0
82.67,481671.0
83.99,383629.0
85.0,422888.0
85.0,277699.0
84.35,198910.0
84.61,171574.0
84.01,184613.0
84.45,132546.0
84.65,167011.0
85.54,346439.0
85.9,377799.0
85.51,144466.0
93.72,956986.0
96.0,857760.0
96.02,587999.0
99.98,890844.0
97.67,861528.0
94.82,576721.0
93.5,461095.0
93.03,410711.0
92.53,243504.0
92.71,355405.0
90.34,480748.0
92.5,340468.0
92.17,323983.0
92.03,79682.0
97.5,935287.0
95.76,508807.0
95.27,282133.0
93.92,207099.0
92.36,359811.0
91.86,121901.0
91.67,139225.0
91.6,101448.0
91.602,119058.0
92.4,133067.0
91.99,183076.0
91.36,295685.0
90.8,309778.0
90.83,49794.0
93.63,286926.0
93.0,305735.0
89.9,472541.0
89.12,216019.0
89.63,173279.0
89.42,126754.0
88.3,281574.0
87.24,222501.0
87.27,284400.0
86.83,132013.0
87.94,116145.0
88.12,82551.0
87.61,154624.0
87.39,35428.0
90.3,336722.0
94.33,425887.0
94.03,276966.0
94.26,194540.0
93.95,127617.0
93.85,105497.0
96.94,302992.0
106.8,1057387.0
110.245,761237.0
111.55,1162876.0
101.99,1467582.0
101.51,396996.0
101.6,855191.0
100.36,157367.0
101.24,1083893.0
98.0,484101.0
96.07,314794.0
94.74,343297.0
94.09,456978.0
91.5,438681.0
94.72,960790.0
95.34,321687.0
93.0,214035.0
92.89,148072.0
92.26,145095.0
92.245,143613.0
91.94,376918.0
91.59,61312.0
98.09,624105.0
94.995,352581.0
92.78,285665.0
92.82,237649.0
91.54,127390.0
93.13,144218.0
94.2,141351.0
94.32,114965.0
93.75,104758.0
93.95,104253.0
92.72,128281.0
92.53,95044.0
92.47,153644.0
92.11,48332.0
93.0,309758.0
90.325,270802.0
90.04,239390.0
90.04,111240.0
90.06,90344.0
89.8,95493.0
89.43,203504.0
88.37,210265.0
88.17,207025.0
87.54,155360.0
87.23,216723.0
87.645,190202.0
91.06,433211.0
90.8,39802.0
93.55,311386.0
92.38,279927.0
91.98,154007.0
91.63,67805.0
91.86,112781.0
91.66,60190.0
92.4,87864.0
92.25,57761.0
93.25,96727.0
93.07,54878.0
94.55,190034.0
95.0,161172.0
96.2,335138.0
96.39,98084.0
100.39,480520.0
99.0,198973.0
99.15,165638.0
100.119,195505.0
100.17,207608.0
99.49,100966.0
99.47,63073.0
99.6,67305.0
101.55,200904.0
104.94,400094.0
105.2,503151.0
102.37,365523.0
103.22,337456.0
104.12,264106.0
108.98,499303.0
104.8,271662.0
104.5,218239.0
105.26,165427.0
105.5,146540.0
106.38,124418.0
107.17,115325.0
106.54,134897.0
105.54,87888.0
105.88,83808.0
104.93,81712.0
105.32,161138.0
106.35,277593.0
107.96,364632.0
106.99,513047.0
103.28,285602.0
103.25,269216.0
104.56,177121.0
106.18,175307.0
105.61,127487.0
106.2,92265.0
106.34,58984.0
106.2,50089.0
108.92,222511.0
111.09,227792.0
110.85,201280.0
109.355,301942.0
109.3,86311.0
116.35,538411.0
118.18,397558.0
114.305,316241.0
112.8,248584.0
114.04,353436.0
114.08,137264.0
113.25,94482.0
113.09,78231.0
115.58,148555.0
117.5,225936.0
119.5,298476.0
119.15,137529.0
119.36,265355.0
119.08,121164.0
131.0,994688.0
130.23,497446.0
129.6,259877.0
128.12,195989.0
128.86,172657.0
129.0,129905.0
130.31,212930.0
133.3,349865.0
137.28,531966.0
136.5,341683.0
132.52,366868.0
132.55,319883.0
136.45,733970.0
134.83,122791.0
131.38,905270.0
130.42,425703.0
129.53,320823.0
127.27,433306.0
126.23,209620.0
126.0,183262.0
126.13,230991.0
125.25,23216.0
120.45,1558653.0
113.34,940880.0
110.77,572615.0
113.5,442565.0
113.0,180458.0
114.27,236731.0
113.445,239188.0
112.24,152445.0
112.14,140118.0
113.25,188502.0
112.54,207234.0
110.73,285045.0
109.07,447319.0
107.91,69628.0
118.68,1413769.0
115.5,748743.0
116.0,339468.0
120.0,539241.0
120.79,544179.0
119.275,328857.0
116.95,351380.0
117.185,319986.0
116.09,272592.0
116.87,148879.0
118.03,271648.0
119.625,309732.0
120.0,543229.0
118.34,63491.0
124.24,632159.0
122.75,233174.0
123.25,259444.0
121.78,134993.0
122.3,127271.0
125.64,495878.0
126.0,361860.0
127.74,287893.0
130.73,368940.0
131.2,312578.0
130.32,207525.0
129.0,279957.0
130.42,402178.0
130.37,60345.0
129.55,1293357.0
126.51,505571.0
127.2,281913.0
130.53,545202.0
129.13,419933.0
124.55,415718.0
123.67,165249.0
125.13,177776.0
125.15,151201.0
125.15,100900.0
125.15,95404.0
123.58,146084.0
123.09,273392.0
122.97,94101.0
126.3417,616941.0
118.14,630934.0
117.81,194150.0
115.9,278016.0
115.12,130670.0
115.1302,248208.0
115.91,216316.0
113.8,210650.0
113.1,191530.0
113.3391,120234.0
113.0,174855.0
111.85,159697.0
113.52,390369.0
113.36,78772.0
120.3999,559179.0
120.0713,207079.0
120.35,207225.0
120.1,178824.0
121.51,172022.0
122.1534,134079.0
121.6528,112772.0
121.72,82800.0
121.27,74191.0
124.05,189222.0
124.17,143095.0
123.38,98755.0
123.15,289644.0
122.0,66086.0
120.25,441206.0
121.0,198227.0
120.9699,101728.0
121.75,99962.0
122.97,192027.0
123.44,174428.0
123.72,98467.0
123.4566,69022.0
123.5654,199073.0
122.9399,92048.0
122.7573,257655.0
120.91,89036.0
120.12,111877.0
119.94,45647.0
128.31,651325.0
129.9,321768.0
130.01,210227.0
129.8956,125073.0
130.04,163314.0
130.61,140613.0
130.98,190346.0
143.58,1819131.0
143.9899,593685.0
145.77,447421.0
146.4499,278887.0
150.5,612154.0
152.5,973581.0
152.27,166547.0
154.64,1059582.0
164.99,1295184.0
160.75,734672.0
161.17,284024.0
162.02,248240.0
167.0,562842.0
168.59,519032.0
165.295,624894.0
157.71,676114.0
158.72,359073.0
157.73,159918.0
163.5,386579.0
160.85,365274.0
160.93,108939.0
163.48,765042.0
171.95,794631.0
179.53,869168.0
183.9999,862262.0
180.65,800662.0
180.57,581932.0
182.5723,537109.0
181.98,296104.0
181.74,244114.0
181.48,253691.0
181.64,347400.0
181.75,309413.0
182.01,482629.0
183.26,127145.0
182.0,2127906.0
188.3,1363067.0
187.7413,415638.0
187.0,372219.0
184.315,505744.0
178.2999,843453.0
178.4,329641.0
176.8065,160982.0
179.8,238523.0
180.9,351519.0
178.0,184303.0
178.96,292863.0
178.99,668137.0
174.5,128965.0
187.0,979522.0
184.0,505039.0
186.0,402258.0
186.215,358143.0
185.55,275436.0
183.98,132181.0
183.9,245275.0
183.735,104080.0
182.16,275260.0
183.835,173526.0
182.5,124180.0
181.2,163490.0
179.98,616343.0
177.45,125151.0
172.5,3097032.0
167.92,840178.0
168.4487,577642.0
172.22,823224.0
173.48,790371.0
170.995,2023680.0
163.98,1924636.0
160.8,723042.0
163.7682,753215.0
164.0,547658.0
163.92,406815.0
163.46,389271.0
162.57299999999998,874771.0
159.11,274573.0
158.1899,1548688.0
149.7098,1504788.0
150.0799,768664.0
150.75,739008.0
156.71,1689758.0
153.14,434136.0
152.42,319447.0
152.0,276171.0
152.55,220012.0
152.3,188186.0
152.195,172140.0
152.0,199079.0
151.37,704843.0
148.37,304213.0
151.0,1018756.0
145.33,880785.0
143.3659,534637.0
141.3599,603692.0
142.51,518737.0
142.53,331393.0
142.6399,269466.0
142.1988,176780.0
142.25,161227.0
144.29,294390.0
144.93,199752.0
147.75,588544.0
147.5,657896.0
142.77,194253.0
153.88,1118237.0
153.5,456559.0
149.99,315349.0
147.94,410313.0
147.5,144125.0
148.9899,304652.0
149.42,229264.0
149.3294,185265.0
148.7499,140059.0
149.27,95053.0
148.8999,94108.0
148.8,91390.0
147.17,401215.0
145.21,84482.0
152.38,608688.0
150.8799,375865.0
150.18,139616.0
149.0,113502.0
148.8899,224066.0
148.3899,230622.0
148.8116,74830.0
149.34,213034.0
149.12,96656.0
149.75,79612.0
150.95,211414.0
150.18,92499.0
149.8,159633.0
148.425,62843.0
153.4,514919.0
155.76,595820.0
152.0,207212.0
151.5738,135551.0
152.7,260680.0
151.3999,122623.0
151.51,120274.0
152.29,111492.0
151.325,94565.0
151.59,68388.0
152.69,118605.0
152.36,99504.0
153.9799,311293.0
153.49,94800.0
162.61,791604.0
169.2999,778504.0
170.5,1074996.0
163.0,1196926.0
159.1095,342642.0
159.3874,331494.0
156.95,456120.0
154.35,253673.0
155.3,265823.0
155.15,124337.0
153.7099,94399.0
153.04,206182.0
151.48,504575.0
150.98,97032.0
155.72,495104.0
157.2396,396684.0
156.87,353947.0
153.1,268054.0
151.8986,386164.0
150.9,282733.0
153.33,171170.0
153.78,124514.0
154.0,146074.0
153.1,92522.0
152.46,64318.0
152.4899,213542.0
154.32,367253.0
153.38,145211.0
156.5,437097.0
166.56,610409.0
172.57,1274914.0
182.9,1368155.0
181.0,918032.0
177.4161,484822.0
174.7,319397.0
172.5312,116405.0
172.4999,250431.0
171.95,522415.0
162.0,443264.0
160.5989,298926.0
156.8549,544084.0
156.015,97572.0
164.72,367055.0
157.1826,271567.0
158.0,292791.0
154.15,316205.0
151.87,328931.0
151.2999,146038.0
152.6999,203901.0
152.2,155421.0
152.88,123821.0
152.5499,102722.0
151.7339,107173.0
152.0999,104317.0
151.4999,192569.0
150.23,125311.0
156.88,406333.0
156.75,184490.0
155.545,118930.0
153.91,129044.0
151.5699,143478.0
151.98,196903.0
147.9299,452429.0
145.5499,263179.0
145.5172,124019.0
146.4468,144476.0
145.4899,91902.0
146.8799,134747.0
147.0,241618.0
145.75,59560.0
154.46,529087.0
149.93,267624.0
148.93,177755.0
147.73,164147.0
148.1675,93666.0
150.2507,208279.0
150.5973,176046.0
149.5,137141.0
148.8793,74546.0
149.53,132555.0
150.01,249126.0
149.45,222044.0
149.5,297587.0
149.3,53520.0
152.775,584163.0
148.99,321725.0
146.05,535062.0
146.41,327843.0
146.4959,192059.0
147.4,313239.0
145.16,154577.0
145.1,131838.0
145.65,239937.0
145.33,133684.0
145.54,91823.0
145.38,117408.0
145.15,354829.0
143.67,88739.0
146.2,535338.0
146.49,222259.0
146.0,165709.0
146.82,130766.0
146.9005,83231.0
149.01,169112.0
151.26,197437.0
150.1191,111925.0
150.65,86679.0
150.4,103713.0
149.74,47689.0
149.59,73585.0
149.8699,128104.0
149.98,81249.0
154.27,361580.0
152.67,178404.0
150.2807,128032.0
149.43,70435.0
149.15,56370.0
148.9799,44706.0
150.41,60209.0
152.25,137468.0
151.049,75316.0
150.36,103757.0
149.26,117013.0
149.14,104366.0
148.0,276376.0
148.0,91098.0
149.99,460999.0
146.36,157985.0
146.4878,151494.0
147.2176,136860.0
147.62,109593.0
146.4061,79946.0
145.38,85850.0
145.0475,144908.0
144.1808,141178.0
144.3834,126005.0
145.14,92395.0
145.79,86813.0
146.08,210444.0
144.85,74255.0
149.26,387970.0
148.055,303773.0
145.17,285462.0
144.2,177429.0
143.8,123067.0
143.74,89152.0
143.3601,137020.0
143.2946,81621.0
142.96,162009.0
142.5666,91344.0
142.24,226366.0
141.7,137826.0
142.12,267739.0
141.89,83965.0
147.59,527011.0
151.7699,713858.0
153.58,523474.0
155.62,523941.0
154.89,236592.0
155.88,217849.0
157.49,246370.0
157.07,161665.0
155.81,209558.0
153.2212,118719.0
153.45,107953.0
154.4,119858.0
155.97,289020.0
155.58,101896.0
162.46,700152.0
165.7499,856740.0
155.4794,678960.0
156.95,291143.0
155.97,146232.0
155.33,103935.0
157.4599,128557.0
158.94,100400.0
157.82,95384.0
157.1954,62951.0
157.0499,76005.0
156.72,90388.0
155.04,193542.0
154.77,59243.0
158.96,251189.0
160.93,233820.0
162.88,307023.0
161.69,192805.0
158.8899,134938.0
157.465,180026.0
155.3348,149048.0
157.68,358475.0
159.5,182409.0
159.5,142928.0
159.77,161300.0
161.39,175085.0
160.815,217667.0
160.62,86155.0
168.16,680846.0
168.44,371214.0
165.2784,223656.0
167.0,121747.0
167.3,111212.0
167.35,102478.0
165.66,62562.0
165.6399,79916.0
164.71,66711.0
165.18,49762.0
165.65,68105.0
165.4017,85625.0
164.6158,159004.0
163.9745,87883.0
171.56,561895.0
168.4826,508718.0
163.75,322197.0
161.62,224961.0
158.69,363047.0
157.8802,235042.0
159.95,132036.0
160.475,84313.0
159.5898,83558.0
159.73,57054.0
160.1,50967.0
160.12,62234.0
159.66,126881.0
159.02,61641.0
158.75,300189.0
155.7303,179985.0
154.09,172452.0
152.03,419402.0
149.78799999999998,192152.0
150.0,145341.0
152.1676,107903.0
152.53,77321.0
152.31,87211.0
152.3798,75575.0
152.34,58509.0
152.33,68642.0
152.5567,139833.0
152.28,54310.0
149.85,355220.0
147.72,409559.0
146.4199,224807.0
145.89,137559.0
146.15,135226.0
145.39,110636.0
145.75,69105.0
147.35,104670.0
147.33,69129.0
146.83,69581.0
146.68,68716.0
146.69,76018.0
146.5304,225524.0
145.36,76870.0
150.5,275677.0
150.575,228349.0
151.67,160380.0
153.2,188412.0
152.98,74451.0
152.245,58891.0
151.11,63345.0
150.6799,47736.0
150.8441,63596.0
149.46,106699.0
149.25,69177.0
149.6058,107451.0
148.76,147183.0
148.74,92689.0
147.07,625409.0
143.89,179848.0
142.88,237911.0
142.1999,151245.0
142.5461,105112.0
142.5,153699.0
141.25,107710.0
140.99,124787.0
140.47,120942.0
140.51,119264.0
140.35,145251.0
139.49,602340.0
137.64,474556.0
137.25,107822.0
130.5,1226000.0
126.53,686117.0
132.22,418876.0
133.57,314999.0
128.96,193707.0
126.83,180579.0
128.61,123037.0
129.7,91773.0
128.7196,276594.0
126.59,123163.0
126.6293,126722.0
129.2166,172688.0
129.85,287333.0
129.81,73568.0
133.21,332746.0
128.8,201211.0
129.26,117755.0
134.4664,192647.0
134.3,124480.0
135.47,125486.0
134.5,82930.0
134.37,137934.0
134.69,68390.0
132.88,191115.0
130.7327,110131.0
129.19,73903.0
129.73,165819.0
129.71,67002.0
136.79,343051.0
135.6,194801.0
133.4322,196359.0
131.66,139597.0
130.33,198957.0
128.9,169128.0
127.13,300450.0
125.5,254529.0
125.75,150219.0
127.62,162420.0
127.81,165903.0
125.74,161350.0
125.53,353642.0
125.65,125463.0
129.29,389549.0
122.85,451735.0
124.87,228048.0
127.17,186991.0
128.17,164320.0
129.09,93282.0
127.74,101457.0
126.9503,88701.0
126.28,96540.0
125.21,98770.0
126.075,61896.0
126.15,173859.0
125.92,283060.0
125.9,315758.0
131.45,418242.0
129.78,154235.0
129.39,153341.0
129.99,110347.0
132.64,184796.0
132.15,118545.0
132.8017,126822.0
132.26,99168.0
131.9999,67767.0
132.25,78259.0
132.75,100792.0
132.4812,158033.0
132.53,366978.0
132.88,107345.0
119.7,1292994.0
117.86,861082.0
116.83,516310.0
115.87,451074.0
114.52,361871.0
114.38,525462.0
114.44,311842.0
114.66,376332.0
113.83,325500.0
112.76,397390.0
113.75,288821.0
113.22,720003.0
110.9795,686631.0
110.55,120158.0
113.2799,796171.0
112.78,446537.0
110.0,334591.0
112.11,220892.0
111.98,209188.0
109.49,149377.0
109.73,197304.0
108.25,180893.0
107.39,223741.0
105.95,394061.0
106.44,430144.0
106.66,324142.0
103.75,422754.0
103.12,81690.0
108.01,875338.0
99.5,872635.0
102.54,478697.0
100.9499,240984.0
100.9699,248594.0
100.6,249972.0
98.57,320213.0
96.89,483407.0
95.4799,335518.0
96.49,309303.0
97.965,282155.0
96.75,224827.0
96.2,388560.0
96.0,69798.0
96.5,872410.0
89.63,916982.0
86.23,953117.0
84.87,560612.0
86.72,502906.0
89.95,388803.0
91.99,368135.0
93.37,259822.0
93.9762,236571.0
92.5093,231563.0
92.7531,162213.0
93.17,168657.0
93.3999,270366.0
93.06,64884.0
95.1143,694527.0
91.41,405057.0
94.34,312426.0
93.4981,141413.0
91.81,171045.0
92.24600000000001,153833.0
92.73,126610.0
91.49,74946.0
91.68,188156.0
90.1385,133986.0
90.34,79038.0
88.72,191793.0
87.48,308964.0
86.915,57529.0
90.76,756612.0
93.64,660050.0
92.89,267523.0
92.56,178168.0
93.1,121550.0
93.52,158082.0
93.53,156824.0
94.93,177946.0
95.87,162850.0
95.6999,185475.0
94.48,157906.0
95.64,173654.0
94.6,336066.0
93.84,72229.0
100.704,976731.0
99.21,340596.0
96.7299,350053.0
95.88,132524.0
95.29,104681.0
94.81,145554.0
93.835,131545.0
94.32,61617.0
94.38,82922.0
94.43,56788.0
95.28,81173.0
95.1467,79703.0
94.26,212267.0
94.1,56669.0
97.8,521205.0
97.46,274434.0
99.1196,295316.0
99.43,265965.0
99.7794,225745.0
100.29,223268.0
101.48,218862.0
108.49,1315445.0
109.73,948936.0
108.15,707950.0
108.25,368110.0
108.28,271900.0
107.64,480094.0
106.04,127278.0
105.005,911006.0
104.74,579282.0
102.71,221818.0
103.26,175530.0
103.24,161569.0
102.65,129447.0
102.2,124610.0
104.14,152799.0
104.08,131168.0
103.72,103727.0
103.84,85468.0
103.98,132620.0
105.0,307658.0
104.69,155387.0
107.7999,394726.0
109.13,373322.0
110.58,313352.0
111.75,395982.0
111.14,182335.0
111.07,212753.0
110.98,107173.0
111.08,87984.0
111.22,94724.0
111.49,109493.0
111.7,182253.0
110.49,116234.0
111.24,319140.0
110.11,116548.0
112.76,484393.0
110.11,202960.0
111.8,185349.0
112.77,182058.0
113.17,174555.0
112.4343,145703.0
110.5582,95873.0
110.28,210594.0
108.51,163432.0
108.07,157718.0
107.09,142429.0
107.55,136186.0
107.9799,181592.0
107.33,96622.0
102.87,818446.0
100.7,208743.0
99.78,262211.0
100.16,125128.0
100.0,134344.0
99.16,125996.0
100.35,102582.0
101.9099,99264.0
102.055,85136.0
104.68,249012.0
105.1918,192130.0
105.8,213385.0
105.06,194257.0
104.77,140438.0
102.88,447663.0
99.48,521096.0
99.52,216268.0
99.915,174798.0
101.8,234202.0
101.99,114838.0
100.99,133251.0
100.7709,136470.0
100.1699,86292.0
99.46,207265.0
97.985,262109.0
97.425,308450.0
96.48,398358.0
96.33,145004.0
98.9267,339330.0
98.29,351584.0
97.45,290912.0
98.15,152795.0
99.78,136482.0
99.89,120690.0
99.46,95556.0
99.02,110470.0
99.66,122893.0
99.28,99351.0
99.18,84863.0
99.245,110785.0
100.225,409737.0
99.87,1012277.0
101.93,282068.0
98.22,212348.0
98.57,91783.0
99.57,132320.0
100.54,310800.0
99.935,66967.0
100.43,114193.0
99.421,56454.0
100.04,72829.0
100.32,94730.0
100.2,53813.0
100.6199,85471.0
99.13,172181.0
98.68,118965.0
99.46,251084.0
99.33,111972.0
98.05,157896.0
96.9714,100490.0
96.71,75978.0
96.56,80275.0
97.25,54213.0
97.38,44719.0
96.78,129496.0
96.88,60359.0
96.4333,131811.0
95.4564,93385.0
96.17,157602.0
96.07,85704.0
97.79,262221.0
93.38,229437.0
93.25,203188.0
93.9,148442.0
93.8122,122517.0
93.095,90844.0
92.7334,84561.0
91.3477,134015.0
91.99,133713.0
91.7799,166201.0
90.24,156295.0
89.8782,123603.0
89.625,447670.0
89.4,74621.0
88.22,457597.0
89.99,271560.0
89.14,171246.0
87.4799,171204.0
88.5,201483.0
91.7,213625.0
92.29899999999999,191574.0
90.92,184157.0
90.08,53136.0
89.37,93809.0
89.99,124614.0
90.9914,137787.0
91.04,451373.0
88.99,149403.0
91.98,255282.0
90.445,194361.0
88.1268,242949.0
87.12,193360.0
86.04,122278.0
86.4873,105667.0
86.81,114203.0
85.65,154586.0
85.71,164888.0
85.45,297341.0
84.75,169831.0
86.09,156766.0
87.35,307984.0
87.48,95508.0
88.31,276812.0
86.2799,252208.0
84.5375,200670.0
83.63,177880.0
84.41,145724.0
84.105,243038.0
84.71,254516.0
85.86,135466.0
86.0,79309.0
84.52,61371.0
84.0,110191.0
84.4668,148898.0
84.53,233219.0
83.91,75626.0
82.75,340158.0
83.53,238273.0
83.6,158831.0
85.9,159827.0
86.1,95866.0
85.48,72522.0
85.8586,43583.0
86.86,136893.0
87.86,251075.0
87.5,127316.0
88.29,100301.0
89.89,214983.0
90.35,484512.0
89.99,265044.0
92.19,268309.0
93.838,266697.0
94.12,260896.0
94.21,226375.0
94.26,204405.0
93.5,63987.0
94.16,86913.0
94.27,53403.0
94.33,85064.0
93.3881,100750.0
93.7,66765.0
93.6,60954.0
93.9168,154437.0
93.24,77577.0
98.03,393088.0
98.45,199496.0
97.6,162276.0
95.3106,109669.0
95.0,61900.0
95.71,54831.0
95.5242,54021.0
94.75,39289.0
95.4219,92347.0
95.85,60506.0
95.85,47803.0
95.35799999999999,67328.0
95.8599,134121.0
95.68,64115.0
97.0,268112.0
93.6216,145055.0
93.6,129337.0
92.19,286065.0
91.6348,95869.0
91.46,60929.0
91.96,56887.0
92.25,119347.0
91.7,67393.0
91.74,41005.0
91.9699,47741.0
92.5,52984.0
92.31,130387.0
92.125,52009.0
95.4704,213346.0
95.43,102174.0
95.28,77383.0
96.0752,79204.0
98.2019,236118.0
98.91,155614.0
98.6594,91177.0
98.79,113143.0
97.48,80330.0
97.3101,57022.0
96.8137,89806.0
95.67,199468.0
95.54,166787.0
95.22,71836.0
96.205,141150.0
94.0,116150.0
93.8719,136607.0
93.36,92868.0
92.7,75905.0
92.8418,61528.0
92.44,51296.0
91.855,47902.0
91.7,38338.0
92.38,50096.0
92.0489,58068.0
92.06,52113.0
91.85,157152.0
91.69,69747.0
94.7203,193593.0
94.02,99493.0
93.6,75627.0
94.135,70046.0
95.33,174629.0
94.77,124903.0
93.26,81991.0
95.1494,338409.0
95.359,124614.0
96.52,157941.0
95.81,53550.0
95.79,50646.0
95.78,182314.0
95.13,81515.0
94.9,152940.0
94.16,141256.0
93.77,109156.0
93.41,66344.0
93.86,69561.0
93.565,63636.0
93.26,82898.0
92.36,123142.0
92.47,65579.0
92.48,81870.0
92.82,80756.0
92.52,62632.0
92.7999,127528.0
92.7,47851.0
92.53,316962.0
90.17,139977.0
90.18,114398.0
90.805,70516.0
90.62,55568.0
90.5287,42393.0
90.595,81394.0
89.8999,88501.0
89.7,83610.0
89.6,102705.0
89.295,99155.0
90.06,118441.0
89.87,174595.0
89.89,48227.0
90.7699,229742.0
89.5,178125.0
89.89,109157.0
89.63,83808.0
89.2096,61895.0
88.66,70334.0
88.33,97186.0
88.8,67703.0
89.28,66400.0
89.14,44814.0
89.3,85336.0
89.63,103630.0
89.54,212071.0
89.55,58140.0
92.35,215711.0
93.1984,182381.0
91.91,79502.0
91.78,96815.0
91.17,117659.0
91.3,113005.0
91.41,49043.0
91.33,58327.0
90.86,46430.0
90.1,60781.0
90.21,102626.0
89.595,141025.0
89.47,152844.0
88.67,61899.0
91.8,187468.0
91.98,181157.0
89.79899999999999,156879.0
89.22,137336.0
89.35,86844.0
89.2885,102580.0
88.24,61113.0
87.89,104214.0
88.88,78719.0
88.66,76364.0
89.34,90444.0
89.22,72126.0
88.9,150251.0
88.56,70303.0
88.44,152028.0
87.8775,84604.0
88.23,87132.0
87.42,110484.0
86.7,107438.0
86.82,55754.0
86.54,38674.0
87.18,50614.0
87.5,75813.0
87.88,77085.0
87.87,57685.0
87.875,51301.0
88.5,206508.0
88.3,88618.0
88.3699,156587.0
87.41,132064.0
86.645,169371.0
84.72,130263.0
84.5,87191.0
84.7,49085.0
84.3,46678.0
84.82,55462.0
85.21,74238.0
84.8778,43961.0
84.62,37616.0
84.81,40120.0
84.77,224116.0
84.21,82645.0
85.25,232133.0
83.47,207600.0
81.59,433859.0
80.6787,284942.0
80.45,279632.0
80.46,174818.0
79.725,126194.0
79.7,122108.0
80.99,90046.0
81.41,78280.0
81.12,89654.0
80.4439,101116.0
81.9,318029.0
81.131,303924.0
82.23,229186.0
82.99,136679.0
84.74,201582.0
85.23,151271.0
85.75,114226.0
86.47,105034.0
87.18,188029.0
86.73,96698.0
88.7,232713.0
88.316,117830.0
87.7,71443.0
89.1338,431629.0
90.09,496377.0
90.02,198144.0
91.4,253197.0
90.66,164647.0
93.471,410674.0
93.369,205922.0
93.72,156281.0
93.62,118259.0
92.91,87769.0
92.785,185823.0
92.29,124399.0
90.6703,84857.0
91.86,90616.0
91.62,86397.0
91.535,158813.0
90.65,108164.0
93.9,195334.0
94.87,245600.0
94.27,146780.0
93.8799,153602.0
94.19,86162.0
93.96,89964.0
94.04,92334.0
94.79,140705.0
94.98,130629.0
95.3755,162399.0
95.53,88172.0
95.37,123787.0
94.71,190577.0
93.92,76000.0
97.5,252313.0
96.9899,144992.0
97.34,102728.0
97.4299,110180.0
98.16,94445.0
98.9645,121127.0
100.36,228499.0
99.24,160137.0
98.45,69994.0
99.0,79211.0
98.55,89050.0
98.27,82241.0
97.8529,129137.0
97.6,42017.0
99.07799999999999,305288.0
98.439,123854.0
98.33,69954.0
99.38,105658.0
100.57,141113.0
99.36,114062.0
98.2,86644.0
98.05,60571.0
97.9399,44577.0
97.89,66029.0
97.84,94583.0
97.55,73270.0
97.725,110445.0
97.2,50270.0
96.7199,148275.0
96.3,109078.0
96.26,99667.0
96.09,91963.0
96.45,31717.0
96.57,38220.0
96.23,50897.0
96.25,24402.0
96.12,61369.0
95.4899,57409.0
95.7,94554.0
95.67,53399.0
95.34,87463.0
94.83,50017.0
97.09,113974.0
95.5,165806.0
94.24,206936.0
93.85,62363.0
93.3631,45848.0
92.61,111150.0
93.57,68244.0
93.33,28598.0
93.23,39075.0
93.12,25397.0
93.1665,37428.0
93.2,45676.0
92.7399,88791.0
92.51,47113.0
93.5,90069.0
93.64,55692.0
93.04,60314.0
91.25,74500.0
90.87,29447.0
91.21,46164.0
91.3821,42097.0
91.4,31457.0
91.29,50117.0
91.4,59178.0
91.24,29366.0
90.62,29167.0
90.71,62325.0
90.4,47975.0
90.91,177898.0
89.58,189135.0
88.74,137951.0
87.36,134017.0
86.8399,91417.0
87.1939,45715.0
87.07,49383.0
87.28,57274.0
86.61,45567.0
87.22,55221.0
86.95,41595.0
86.79,44532.0
86.52,113386.0
86.2,55623.0
85.35,334632.0
82.1632,275023.0
82.53,169623.0
81.82,193376.0
81.8,181804.0
82.191,115677.0
81.74,80013.0
82.45,86866.0
82.45,92725.0
83.2,111709.0
83.81,81483.0
84.15,104836.0
83.67,183858.0
83.68,39721.0
84.73,153979.0
82.565,100743.0
83.4518,68309.0
84.0,96734.0
83.5633,63098.0
82.74,46799.0
82.0,53690.0
81.8,80912.0
81.66,71985.0
80.8466,82140.0
80.91,156280.0
80.7754,114116.0
81.4,250892.0
81.18,82492.0
80.49,468255.0
77.79,605975.0
75.8345,285052.0
75.31,234754.0
76.0959,190473.0
76.28,122677.0
76.22,95629.0
75.57,110358.0
74.86,183570.0
74.375,90786.0
74.32,106140.0
75.43,131455.0
76.43,391761.0
76.23,119473.0
79.94,359213.0
80.8,181544.0
81.01,133827.0
80.14,129686.0
79.48,65155.0
78.5,71287.0
78.1584,68269.0
78.1999,47424.0
78.52,85780.0
78.49,93884.0
78.7833,54449.0
78.9686,44401.0
78.99,108933.0
79.23,89848.0
77.59,495006.0
76.24,293700.0
75.87,204950.0
75.19,188051.0
75.13,159554.0
75.39,163945.0
74.38,173002.0
74.34,154759.0
73.92,215720.0
72.86,231829.0
72.67,222114.0
72.3087,289519.0
72.7423,468413.0
71.22,75504.0
70.69,625998.0
70.76,484681.0
70.5,215781.0
71.98,232097.0
73.54,392791.0
74.06,185146.0
73.97,130638.0
73.13,150649.0
74.47,169219.0
74.7399,122477.0
74.82,146204.0
74.32,166024.0
74.27,438747.0
73.95,58648.0
68.35,2925067.0
63.98,1230429.0
62.7,1242031.0
62.0702,932106.0
62.07,630907.0
61.72,588375.0
61.98,515333.0
62.54,486101.0
63.82,659095.0
62.7401,448076.0
61.83,486670.0
61.2799,798050.0
60.85,918481.0
60.52,185942.0
61.3,1299439.0
61.5999,818068.0
62.18,798827.0
61.78,550008.0
60.98,395094.0
61.58,260405.0
62.0912,289225.0
61.38,284028.0
61.2199,420911.0
63.16,488111.0
64.16,542656.0
63.46,338500.0
67.3,1720784.0
65.035,108016.0
66.69,552784.0
67.63,547283.0
67.49,632273.0
66.89,351814.0
67.16,492797.0
66.96,346478.0
66.74,171234.0
67.45,266251.0
68.21,311034.0
69.169,230843.0
69.84,187195.0
69.46,274689.0
69.87,382111.0
69.5,78744.0
71.45,333735.0
71.01,157097.0
71.86,128729.0
72.4799,180465.0
72.8,181842.0
73.06,114968.0
72.8232,115704.0
72.47,136670.0
71.6007,100445.0
71.445,71290.0
72.39,88399.0
72.45,102983.0
72.93,249298.0
72.71,106776.0
73.89,248579.0
73.7763,225593.0
73.58,125012.0
73.63,110877.0
73.47,109036.0
73.63,69568.0
73.98,65987.0
74.66,83077.0
74.88,129247.0
74.69,93833.0
73.74,114765.0
74.05,100480.0
74.325,189344.0
73.87,55538.0
71.939,254765.0
72.86,134284.0
73.51,104021.0
74.69,152751.0
74.79,125003.0
74.442,60909.0
74.1399,52387.0
74.12,57349.0
73.985,70116.0
74.2,104261.0
74.05,55494.0
73.83,48741.0
73.94,129394.0
73.97,52785.0
78.06,351883.0
78.27,213306.0
78.36,159467.0
78.0377,69336.0
78.0,72210.0
77.2499,96293.0
77.14,111627.0
77.7,93280.0
77.75,57293.0
77.5987,43401.0
77.94,48811.0
77.97,70305.0
77.8233,140335.0
77.71,59412.0
78.9,217108.0
78.5896,165542.0
78.5,91493.0
78.72,79528.0
79.2899,85022.0
79.09,109350.0
79.3,55847.0
79.13,44921.0
79.959,115134.0
80.14,90404.0
79.75,80071.0
79.33,56199.0
79.23,212908.0
78.4,72488.0
82.31,271486.0
81.19,112250.0
80.686,90065.0
81.19,97836.0
82.16,125763.0
81.79,74121.0
81.27,40878.0
82.0,89746.0
81.61,65306.0
81.6,74613.0
81.75,55248.0
81.71,55257.0
81.59,169202.0
81.0,115958.0
