,date,open,high,low,close,volume,tic,day
0,2017-01-04,88.91,89.01,88.11,88.6,8639791.0,BABA VU1EHIDJYJXH,1
1,2017-01-05,88.9,90.89,88.58,90.51,11016889.0,BABA VU1EHIDJYJXH,2
2,2017-01-06,91.95,94.8,91.64,94.37,16537736.0,BABA VU1EHIDJYJXH,3
3,2017-01-07,94.41,94.5,93.0,93.89,7126017.0,BABA VU1EHIDJYJXH,4
4,2017-01-10,94.16,95.65,93.32,94.72,10626515.0,BABA VU1EHIDJYJXH,5
5,2017-01-11,96.4,97.9,95.55,96.75,14409284.0,BABA VU1EHIDJYJXH,6
6,2017-01-12,97.0,97.44,95.61,96.94,8427287.0,BABA VU1EHIDJYJXH,7
7,2017-01-13,96.85,96.85,94.8,95.89,8114447.0,BABA VU1EHIDJYJXH,8
8,2017-01-14,95.95,97.38,95.8,96.27,8210457.0,BABA VU1EHIDJYJXH,9
9,2017-01-18,96.3,96.58,95.0,96.15,6050333.0,BABA VU1EHIDJYJXH,10
10,2017-01-19,96.13,96.27,95.26,96.0,6560386.0,BABA VU1EHIDJYJXH,11
11,2017-01-20,96.48,96.7,95.6,96.17,6984964.0,BABA VU1EHIDJYJXH,12
12,2017-01-21,96.45,97.08,95.68,96.06,9342833.0,BABA VU1EHIDJYJXH,13
13,2017-01-24,96.57,98.66,96.29,98.41,13748830.0,BABA VU1EHIDJYJXH,14
14,2017-01-25,102.8,103.15,99.94,101.43,32482375.0,BABA VU1EHIDJYJXH,15
15,2017-01-26,102.44,104.27,101.91,104.06,22885134.0,BABA VU1EHIDJYJXH,16
16,2017-01-27,104.06,104.57,102.18,102.75,12244611.0,BABA VU1EHIDJYJXH,17
17,2017-01-28,102.25,102.7,101.3,102.07,7731042.0,BABA VU1EHIDJYJXH,18
18,2017-01-31,101.18,101.45,100.1,101.02,8491629.0,BABA VU1EHIDJYJXH,19
19,2017-02-01,100.26,102.09,100.06,101.3,6660687.0,BABA VU1EHIDJYJXH,20
20,2017-02-02,102.1,102.38,100.88,101.57,5648101.0,BABA VU1EHIDJYJXH,21
21,2017-02-03,101.28,101.46,100.58,100.84,5251127.0,BABA VU1EHIDJYJXH,22
22,2017-02-04,101.5,101.54,100.31,100.36,5586880.0,BABA VU1EHIDJYJXH,23
23,2017-02-07,100.17,101.7,100.03,100.9,6754094.0,BABA VU1EHIDJYJXH,24
24,2017-02-08,101.0,101.58,100.57,100.83,5457051.0,BABA VU1EHIDJYJXH,25
25,2017-02-09,101.59,103.96,101.16,103.57,9960824.0,BABA VU1EHIDJYJXH,26
26,2017-02-10,103.36,104.18,102.56,103.33,8146839.0,BABA VU1EHIDJYJXH,27
27,2017-02-11,103.86,103.91,102.31,102.36,7509893.0,BABA VU1EHIDJYJXH,28
28,2017-02-14,102.85,104.44,102.63,103.1,9583385.0,BABA VU1EHIDJYJXH,29
29,2017-02-15,103.2,103.59,100.9,101.59,10171857.0,BABA VU1EHIDJYJXH,30
30,2017-02-16,102.1,102.13,100.12,101.55,12303076.0,BABA VU1EHIDJYJXH,31
31,2017-02-17,102.0,102.1,100.73,100.82,7407506.0,BABA VU1EHIDJYJXH,32
32,2017-02-18,100.75,101.72,100.3,100.52,8068511.0,BABA VU1EHIDJYJXH,33
33,2017-02-22,101.03,102.54,100.91,102.12,7549968.0,BABA VU1EHIDJYJXH,34
34,2017-02-23,102.5,105.2,102.42,104.2,15613334.0,BABA VU1EHIDJYJXH,35
35,2017-02-24,104.55,104.83,101.82,102.46,9798777.0,BABA VU1EHIDJYJXH,36
36,2017-02-25,101.35,102.96,101.3,102.95,7175370.0,BABA VU1EHIDJYJXH,37
37,2017-02-28,102.3,103.83,102.24,103.6,6719187.0,BABA VU1EHIDJYJXH,38
38,2017-03-01,103.89,103.99,102.04,102.9,7469144.0,BABA VU1EHIDJYJXH,39
39,2017-03-02,103.73,104.98,103.21,104.04,10211635.0,BABA VU1EHIDJYJXH,40
40,2017-03-03,103.8,104.58,102.77,103.19,7610181.0,BABA VU1EHIDJYJXH,41
41,2017-03-04,102.99,103.34,102.44,103.31,6120696.0,BABA VU1EHIDJYJXH,42
42,2017-03-07,102.77,103.24,102.1,102.31,6241755.0,BABA VU1EHIDJYJXH,43
43,2017-03-08,102.3,103.3,102.13,102.63,4757764.0,BABA VU1EHIDJYJXH,44
44,2017-03-09,102.6,104.28,102.54,103.22,7064273.0,BABA VU1EHIDJYJXH,45
45,2017-03-10,103.11,103.75,102.76,103.24,4573677.0,BABA VU1EHIDJYJXH,46
46,2017-03-11,103.43,103.7,102.64,103.39,3938045.0,BABA VU1EHIDJYJXH,47
47,2017-03-14,103.5,106.25,103.47,105.18,15891238.0,BABA VU1EHIDJYJXH,48
48,2017-03-15,104.63,106.0,103.84,104.21,7211511.0,BABA VU1EHIDJYJXH,49
49,2017-03-16,104.35,104.49,102.6,103.69,11497965.0,BABA VU1EHIDJYJXH,50
50,2017-03-17,105.25,105.65,104.36,105.65,11393666.0,BABA VU1EHIDJYJXH,51
51,2017-03-18,105.11,106.49,104.86,105.61,8222161.0,BABA VU1EHIDJYJXH,52
52,2017-03-21,106.22,108.2,105.96,107.25,12338716.0,BABA VU1EHIDJYJXH,53
53,2017-03-22,108.37,108.7,104.7,105.11,12749399.0,BABA VU1EHIDJYJXH,54
54,2017-03-23,104.61,106.12,103.99,106.09,6893686.0,BABA VU1EHIDJYJXH,55
55,2017-03-24,107.0,108.82,106.45,108.28,12680807.0,BABA VU1EHIDJYJXH,56
56,2017-03-25,108.22,109.13,107.24,108.01,7212394.0,BABA VU1EHIDJYJXH,57
57,2017-03-28,106.78,108.19,106.51,108.08,7371977.0,BABA VU1EHIDJYJXH,58
58,2017-03-29,108.21,108.95,107.49,107.8,6350808.0,BABA VU1EHIDJYJXH,59
59,2017-03-30,108.04,109.72,107.69,109.51,8589547.0,BABA VU1EHIDJYJXH,60
60,2017-03-31,109.8,110.45,108.67,108.85,10502627.0,BABA VU1EHIDJYJXH,61
61,2017-04-01,108.5,109.1,107.78,107.84,7964364.0,BABA VU1EHIDJYJXH,62
62,2017-04-04,108.9,109.47,107.52,108.09,7404866.0,BABA VU1EHIDJYJXH,63
63,2017-04-05,107.85,108.25,106.89,107.46,6123015.0,BABA VU1EHIDJYJXH,64
64,2017-04-06,108.34,108.82,107.32,107.44,7918112.0,BABA VU1EHIDJYJXH,65
65,2017-04-07,107.59,108.4,107.17,108.04,5183639.0,BABA VU1EHIDJYJXH,66
66,2017-04-08,107.84,109.07,106.76,108.99,8347342.0,BABA VU1EHIDJYJXH,67
67,2017-04-11,109.0,111.88,108.84,111.7,14606474.0,BABA VU1EHIDJYJXH,68
68,2017-04-12,111.4,111.79,109.46,110.44,9926478.0,BABA VU1EHIDJYJXH,69
69,2017-04-13,110.41,111.7,110.31,110.63,7933346.0,BABA VU1EHIDJYJXH,70
70,2017-04-14,110.62,111.44,109.84,110.27,5734740.0,BABA VU1EHIDJYJXH,71
71,2017-04-18,110.91,111.87,110.35,111.76,6314079.0,BABA VU1EHIDJYJXH,72
72,2017-04-19,111.2,112.19,110.87,111.23,8216555.0,BABA VU1EHIDJYJXH,73
73,2017-04-20,112.0,112.2,110.57,110.76,9558966.0,BABA VU1EHIDJYJXH,74
74,2017-04-21,111.66,113.6,111.52,112.96,13740993.0,BABA VU1EHIDJYJXH,75
75,2017-04-22,112.8,113.13,112.3,113.11,8681116.0,BABA VU1EHIDJYJXH,76
76,2017-04-25,114.06,115.16,114.02,114.86,12990623.0,BABA VU1EHIDJYJXH,77
77,2017-04-26,115.52,115.82,114.8,115.48,10147929.0,BABA VU1EHIDJYJXH,78
78,2017-04-27,115.4,115.74,114.63,114.97,6568276.0,BABA VU1EHIDJYJXH,79
79,2017-04-28,115.0,115.96,114.83,115.43,9344124.0,BABA VU1EHIDJYJXH,80
80,2017-04-29,115.98,115.99,115.0,115.5,6926097.0,BABA VU1EHIDJYJXH,81
81,2017-05-02,115.6,117.24,115.5,116.68,7057753.0,BABA VU1EHIDJYJXH,82
82,2017-05-03,117.09,118.69,117.02,118.09,9980586.0,BABA VU1EHIDJYJXH,83
83,2017-05-04,117.95,117.98,115.13,116.57,10282956.0,BABA VU1EHIDJYJXH,84
84,2017-05-05,115.92,116.4,115.16,115.86,6735204.0,BABA VU1EHIDJYJXH,85
85,2017-05-06,116.12,116.14,114.8,116.04,6841770.0,BABA VU1EHIDJYJXH,86
86,2017-05-09,117.01,117.5,116.2,116.85,6071274.0,BABA VU1EHIDJYJXH,87
87,2017-05-10,118.76,120.0,118.1,119.99,14268440.0,BABA VU1EHIDJYJXH,88
88,2017-05-11,120.01,120.32,119.11,119.98,8984922.0,BABA VU1EHIDJYJXH,89
89,2017-05-12,120.16,120.5,118.25,120.21,10571234.0,BABA VU1EHIDJYJXH,90
90,2017-05-13,120.35,120.46,119.51,120.34,8998358.0,BABA VU1EHIDJYJXH,91
91,2017-05-16,121.05,121.49,120.03,121.49,10510728.0,BABA VU1EHIDJYJXH,92
92,2017-05-17,122.0,124.33,121.74,124.02,17482361.0,BABA VU1EHIDJYJXH,93
93,2017-05-18,123.49,123.87,120.5,120.72,19116699.0,BABA VU1EHIDJYJXH,94
94,2017-05-19,116.0,122.62,114.0,121.27,33745919.0,BABA VU1EHIDJYJXH,95
95,2017-05-20,123.99,126.4,123.08,123.22,20286577.0,BABA VU1EHIDJYJXH,96
96,2017-05-23,125.05,125.59,123.56,124.75,12926550.0,BABA VU1EHIDJYJXH,97
97,2017-05-24,124.7,125.67,122.85,122.93,13242503.0,BABA VU1EHIDJYJXH,98
98,2017-05-25,123.0,123.68,121.95,122.81,8288790.0,BABA VU1EHIDJYJXH,99
99,2017-05-26,123.9,124.43,122.31,123.63,12297488.0,BABA VU1EHIDJYJXH,100
100,2017-05-27,123.93,124.65,123.12,123.99,7298397.0,BABA VU1EHIDJYJXH,101
101,2017-05-31,124.06,124.88,123.56,123.91,7893108.0,BABA VU1EHIDJYJXH,102
102,2017-06-01,123.62,124.15,122.0,122.46,11212026.0,BABA VU1EHIDJYJXH,103
103,2017-06-02,122.95,124.0,122.26,123.97,8648450.0,BABA VU1EHIDJYJXH,104
104,2017-06-03,123.65,124.53,123.25,124.13,7216867.0,BABA VU1EHIDJYJXH,105
105,2017-06-06,124.0,125.54,123.9,125.37,9595439.0,BABA VU1EHIDJYJXH,106
106,2017-06-07,125.6,126.2,124.27,124.62,9083926.0,BABA VU1EHIDJYJXH,107
107,2017-06-08,125.08,125.91,124.11,125.67,8467991.0,BABA VU1EHIDJYJXH,108
108,2017-06-09,142.1,143.7,135.22,142.34,69343164.0,BABA VU1EHIDJYJXH,109
109,2017-06-10,144.28,148.29,137.02,139.36,51283158.0,BABA VU1EHIDJYJXH,110
110,2017-06-13,139.19,142.2,136.05,139.08,31311195.0,BABA VU1EHIDJYJXH,111
111,2017-06-14,141.81,142.23,135.92,136.6,38760079.0,BABA VU1EHIDJYJXH,112
112,2017-06-15,137.96,139.24,135.26,136.67,30612239.0,BABA VU1EHIDJYJXH,113
113,2017-06-16,135.53,135.64,133.1,135.08,29021872.0,BABA VU1EHIDJYJXH,114
114,2017-06-17,136.45,136.5,133.55,134.9,32694977.0,BABA VU1EHIDJYJXH,115
115,2017-06-20,138.11,140.39,137.4,139.47,22590239.0,BABA VU1EHIDJYJXH,116
116,2017-06-21,140.09,140.6,137.94,138.38,19550922.0,BABA VU1EHIDJYJXH,117
117,2017-06-22,138.81,143.5,138.07,143.29,25237428.0,BABA VU1EHIDJYJXH,118
118,2017-06-23,142.15,144.68,140.9,142.27,21001505.0,BABA VU1EHIDJYJXH,119
119,2017-06-24,141.94,143.34,141.64,143.03,11528161.0,BABA VU1EHIDJYJXH,120
120,2017-06-27,144.0,145.36,141.3,142.73,17463115.0,BABA VU1EHIDJYJXH,121
121,2017-06-28,143.89,144.38,141.11,141.53,16113006.0,BABA VU1EHIDJYJXH,122
122,2017-06-29,143.0,144.37,141.48,143.95,15039229.0,BABA VU1EHIDJYJXH,123
123,2017-06-30,143.24,143.56,137.52,140.81,23725894.0,BABA VU1EHIDJYJXH,124
124,2017-07-01,141.0,142.37,139.92,140.9,11575661.0,BABA VU1EHIDJYJXH,125
125,2017-07-04,141.87,142.48,139.5,140.99,6720461.0,BABA VU1EHIDJYJXH,126
126,2017-07-06,140.99,145.0,140.35,144.87,15592602.0,BABA VU1EHIDJYJXH,127
127,2017-07-07,143.02,143.6,141.84,142.2,11628972.0,BABA VU1EHIDJYJXH,128
128,2017-07-08,142.65,143.37,141.91,142.43,7935913.0,BABA VU1EHIDJYJXH,129
129,2017-07-11,143.0,144.15,142.26,143.81,9107364.0,BABA VU1EHIDJYJXH,130
130,2017-07-12,144.12,145.87,143.26,145.81,12672522.0,BABA VU1EHIDJYJXH,131
131,2017-07-13,147.38,149.3,146.85,149.0,14263480.0,BABA VU1EHIDJYJXH,132
132,2017-07-14,149.6,150.0,148.0,149.52,11483219.0,BABA VU1EHIDJYJXH,133
133,2017-07-15,150.12,152.24,149.71,151.83,11070032.0,BABA VU1EHIDJYJXH,134
134,2017-07-18,153.53,153.7,150.43,151.22,14152482.0,BABA VU1EHIDJYJXH,135
135,2017-07-19,151.23,154.58,150.5,153.96,13531594.0,BABA VU1EHIDJYJXH,136
136,2017-07-20,155.3,156.4,152.64,153.15,16589061.0,BABA VU1EHIDJYJXH,137
137,2017-07-21,153.82,154.12,151.84,152.3,14312028.0,BABA VU1EHIDJYJXH,138
138,2017-07-22,151.77,152.14,150.32,151.89,11179325.0,BABA VU1EHIDJYJXH,139
139,2017-07-25,152.98,153.22,151.61,152.26,10480485.0,BABA VU1EHIDJYJXH,140
140,2017-07-26,152.37,152.75,150.88,152.44,7999682.0,BABA VU1EHIDJYJXH,141
141,2017-07-27,152.5,155.94,152.37,155.79,14231277.0,BABA VU1EHIDJYJXH,142
142,2017-07-28,157.85,160.38,151.33,154.15,25377903.0,BABA VU1EHIDJYJXH,143
143,2017-07-29,154.0,158.95,152.83,157.56,14269091.0,BABA VU1EHIDJYJXH,144
144,2017-08-01,159.0,159.39,154.05,154.95,16546345.0,BABA VU1EHIDJYJXH,145
145,2017-08-02,156.2,156.61,153.8,154.73,10418714.0,BABA VU1EHIDJYJXH,146
146,2017-08-03,155.48,155.72,149.1,151.94,18056935.0,BABA VU1EHIDJYJXH,147
147,2017-08-04,152.1,153.8,149.64,153.32,12147060.0,BABA VU1EHIDJYJXH,148
148,2017-08-05,154.2,154.29,152.16,153.33,9603275.0,BABA VU1EHIDJYJXH,149
149,2017-08-08,154.9,158.85,154.38,158.84,15511168.0,BABA VU1EHIDJYJXH,150
150,2017-08-09,158.78,159.83,156.82,157.5,14253544.0,BABA VU1EHIDJYJXH,151
151,2017-08-10,156.0,157.69,155.2,157.47,10203369.0,BABA VU1EHIDJYJXH,152
152,2017-08-11,156.0,156.5,151.26,151.77,17419117.0,BABA VU1EHIDJYJXH,153
153,2017-08-12,150.55,152.57,147.55,151.7,20917523.0,BABA VU1EHIDJYJXH,154
154,2017-08-15,155.0,155.05,153.1,154.62,12454590.0,BABA VU1EHIDJYJXH,155
155,2017-08-16,155.74,158.32,154.0,157.75,18000229.0,BABA VU1EHIDJYJXH,156
156,2017-08-17,160.0,160.35,158.54,159.5,20100080.0,BABA VU1EHIDJYJXH,157
157,2017-08-18,166.0,168.0,163.51,163.92,50155946.0,BABA VU1EHIDJYJXH,158
158,2017-08-19,165.1,169.5,164.1,167.5,30131702.0,BABA VU1EHIDJYJXH,159
159,2017-08-22,168.33,170.58,166.98,169.25,21593441.0,BABA VU1EHIDJYJXH,160
160,2017-08-23,170.0,174.77,169.64,174.46,23942383.0,BABA VU1EHIDJYJXH,161
161,2017-08-24,172.88,176.23,172.75,175.8,21344247.0,BABA VU1EHIDJYJXH,162
162,2017-08-25,176.84,177.04,174.31,175.0,18777944.0,BABA VU1EHIDJYJXH,163
163,2017-08-26,174.78,174.93,171.11,171.76,23377074.0,BABA VU1EHIDJYJXH,164
164,2017-08-29,171.09,171.31,167.06,168.3,23809868.0,BABA VU1EHIDJYJXH,165
165,2017-08-30,164.95,169.23,164.38,167.41,18473791.0,BABA VU1EHIDJYJXH,166
166,2017-08-31,169.3,172.39,169.15,171.27,16036413.0,BABA VU1EHIDJYJXH,167
167,2017-09-01,172.5,172.9,170.26,171.74,15035473.0,BABA VU1EHIDJYJXH,168
168,2017-09-02,171.93,172.35,170.66,171.04,11043464.0,BABA VU1EHIDJYJXH,169
169,2017-09-06,169.47,171.92,168.74,170.17,13804213.0,BABA VU1EHIDJYJXH,170
170,2017-09-07,170.16,171.1,167.1,168.14,18483140.0,BABA VU1EHIDJYJXH,171
171,2017-09-08,169.28,170.96,168.0,170.48,14685146.0,BABA VU1EHIDJYJXH,172
172,2017-09-09,169.95,171.21,168.92,169.01,10021590.0,BABA VU1EHIDJYJXH,173
173,2017-09-12,171.75,174.08,171.49,174.05,14906974.0,BABA VU1EHIDJYJXH,174
174,2017-09-13,175.0,175.5,173.37,175.31,15213054.0,BABA VU1EHIDJYJXH,175
175,2017-09-14,175.75,179.0,175.56,178.97,20439868.0,BABA VU1EHIDJYJXH,176
176,2017-09-15,177.7,179.91,176.03,176.94,21449888.0,BABA VU1EHIDJYJXH,177
177,2017-09-16,178.0,179.75,176.71,177.64,16754665.0,BABA VU1EHIDJYJXH,178
178,2017-09-19,178.8,180.29,177.76,179.98,19291112.0,BABA VU1EHIDJYJXH,179
179,2017-09-20,180.5,180.86,179.25,180.07,14547881.0,BABA VU1EHIDJYJXH,180
180,2017-09-21,180.07,180.5,176.15,177.95,13263903.0,BABA VU1EHIDJYJXH,181
181,2017-09-22,178.05,178.86,175.32,176.98,11204055.0,BABA VU1EHIDJYJXH,182
182,2017-09-23,176.11,178.42,175.68,178.14,12652589.0,BABA VU1EHIDJYJXH,183
183,2017-09-26,176.35,177.0,167.5,169.59,33725328.0,BABA VU1EHIDJYJXH,184
184,2017-09-27,170.5,171.9,166.79,167.02,22910686.0,BABA VU1EHIDJYJXH,185
185,2017-09-28,169.9,171.94,169.45,171.06,17481882.0,BABA VU1EHIDJYJXH,186
186,2017-09-29,170.88,171.88,169.69,170.24,13213817.0,BABA VU1EHIDJYJXH,187
187,2017-09-30,171.11,173.54,170.74,172.71,12890080.0,BABA VU1EHIDJYJXH,188
188,2017-10-03,174.62,175.12,172.57,173.6,10039954.0,BABA VU1EHIDJYJXH,189
189,2017-10-04,176.06,178.78,175.21,178.56,14085444.0,BABA VU1EHIDJYJXH,190
190,2017-10-05,178.0,180.0,177.3,178.71,11272258.0,BABA VU1EHIDJYJXH,191
191,2017-10-06,179.0,179.72,176.03,178.89,11718843.0,BABA VU1EHIDJYJXH,192
192,2017-10-07,178.0,179.87,177.61,179.15,7060800.0,BABA VU1EHIDJYJXH,193
193,2017-10-10,179.35,183.13,178.75,182.09,14664624.0,BABA VU1EHIDJYJXH,194
194,2017-10-11,181.99,184.46,181.36,183.12,12405630.0,BABA VU1EHIDJYJXH,195
195,2017-10-12,183.13,184.7,182.61,184.69,11438301.0,BABA VU1EHIDJYJXH,196
196,2017-10-13,184.0,184.32,180.35,180.54,14772148.0,BABA VU1EHIDJYJXH,197
197,2017-10-14,181.0,181.39,177.98,178.45,17461717.0,BABA VU1EHIDJYJXH,198
198,2017-10-17,180.0,180.05,178.51,179.56,12363277.0,BABA VU1EHIDJYJXH,199
199,2017-10-18,179.7,180.12,175.3,175.32,19070337.0,BABA VU1EHIDJYJXH,200
200,2017-10-19,177.08,180.0,176.28,179.61,18445481.0,BABA VU1EHIDJYJXH,201
201,2017-10-20,177.0,178.03,175.45,177.94,10994018.0,BABA VU1EHIDJYJXH,202
202,2017-10-21,179.0,179.52,177.08,177.32,11769952.0,BABA VU1EHIDJYJXH,203
203,2017-10-24,177.8,177.96,173.05,173.38,14951356.0,BABA VU1EHIDJYJXH,204
204,2017-10-25,174.24,175.93,173.27,173.7,11704460.0,BABA VU1EHIDJYJXH,205
205,2017-10-26,174.94,175.37,169.3,170.22,17500822.0,BABA VU1EHIDJYJXH,206
206,2017-10-27,170.5,171.45,168.59,170.32,12582508.0,BABA VU1EHIDJYJXH,207
207,2017-10-28,173.4,177.0,171.11,176.15,19353666.0,BABA VU1EHIDJYJXH,208
208,2017-10-31,178.5,181.89,177.6,181.58,19581694.0,BABA VU1EHIDJYJXH,209
209,2017-11-01,183.48,185.12,181.82,184.89,19378936.0,BABA VU1EHIDJYJXH,210
210,2017-11-02,188.0,188.88,183.58,186.11,25766974.0,BABA VU1EHIDJYJXH,211
211,2017-11-03,191.21,191.22,183.31,184.81,36387501.0,BABA VU1EHIDJYJXH,212
212,2017-11-04,186.62,186.93,182.07,183.21,19022740.0,BABA VU1EHIDJYJXH,213
213,2017-11-07,184.0,188.25,184.0,187.84,18824230.0,BABA VU1EHIDJYJXH,214
214,2017-11-08,189.52,189.86,187.0,188.51,17469852.0,BABA VU1EHIDJYJXH,215
215,2017-11-09,188.0,188.09,185.12,185.9,13531891.0,BABA VU1EHIDJYJXH,216
216,2017-11-10,184.16,185.13,181.05,185.13,19206143.0,BABA VU1EHIDJYJXH,217
217,2017-11-11,187.11,187.17,185.4,186.41,14040783.0,BABA VU1EHIDJYJXH,218
218,2017-11-14,186.8,187.88,184.01,184.54,16486704.0,BABA VU1EHIDJYJXH,219
219,2017-11-15,184.3,184.3,181.15,181.79,14234884.0,BABA VU1EHIDJYJXH,220
220,2017-11-16,179.28,181.88,176.77,181.46,15710746.0,BABA VU1EHIDJYJXH,221
221,2017-11-17,183.31,186.26,183.12,185.43,16864815.0,BABA VU1EHIDJYJXH,222
222,2017-11-18,186.0,186.5,184.67,185.13,13005693.0,BABA VU1EHIDJYJXH,223
223,2017-11-21,187.5,190.0,186.62,188.0,24686194.0,BABA VU1EHIDJYJXH,224
224,2017-11-22,190.75,191.54,188.8,190.9,19079198.0,BABA VU1EHIDJYJXH,225
225,2017-11-23,191.5,191.75,189.39,189.84,14128070.0,BABA VU1EHIDJYJXH,226
226,2017-11-25,189.39,191.7,188.72,191.19,9639497.0,BABA VU1EHIDJYJXH,227
227,2017-11-28,190.5,191.45,187.55,188.03,14484472.0,BABA VU1EHIDJYJXH,228
228,2017-11-29,188.78,189.1,186.5,186.67,12394156.0,BABA VU1EHIDJYJXH,229
229,2017-11-30,185.05,185.41,173.64,179.91,39363338.0,BABA VU1EHIDJYJXH,230
230,2017-12-01,179.38,179.8,176.35,177.05,22979238.0,BABA VU1EHIDJYJXH,231
231,2017-12-02,175.33,179.8,173.8,174.62,25409270.0,BABA VU1EHIDJYJXH,232
232,2017-12-05,177.2,177.58,168.26,169.58,34620801.0,BABA VU1EHIDJYJXH,233
233,2017-12-06,165.0,172.96,164.25,168.96,29432218.0,BABA VU1EHIDJYJXH,234
234,2017-12-07,168.27,173.23,168.0,172.63,22814417.0,BABA VU1EHIDJYJXH,235
235,2017-12-08,173.9,175.82,172.27,174.47,15339346.0,BABA VU1EHIDJYJXH,236
236,2017-12-09,177.86,178.96,176.37,177.62,22630376.0,BABA VU1EHIDJYJXH,237
237,2017-12-12,179.03,180.68,178.16,179.29,15333905.0,BABA VU1EHIDJYJXH,238
238,2017-12-13,178.0,178.16,173.77,174.64,19913648.0,BABA VU1EHIDJYJXH,239
239,2017-12-14,174.64,177.7,174.3,176.46,17255247.0,BABA VU1EHIDJYJXH,240
240,2017-12-15,172.9,173.39,169.61,171.75,30966611.0,BABA VU1EHIDJYJXH,241
241,2017-12-16,172.89,173.55,170.0,173.55,39433684.0,BABA VU1EHIDJYJXH,242
242,2017-12-19,174.6,174.63,172.38,173.37,16403870.0,BABA VU1EHIDJYJXH,243
243,2017-12-20,171.75,172.99,170.51,171.28,18760255.0,BABA VU1EHIDJYJXH,244
244,2017-12-21,171.8,172.9,170.8,172.64,13998913.0,BABA VU1EHIDJYJXH,245
245,2017-12-22,172.8,176.25,172.79,175.32,14666630.0,BABA VU1EHIDJYJXH,246
246,2017-12-23,175.95,176.65,175.06,176.29,12203121.0,BABA VU1EHIDJYJXH,247
247,2017-12-27,174.51,175.14,171.73,172.33,12700683.0,BABA VU1EHIDJYJXH,248
248,2017-12-28,172.18,173.87,171.73,172.97,8551289.0,BABA VU1EHIDJYJXH,249
249,2017-12-29,173.04,173.5,171.67,172.3,9196418.0,BABA VU1EHIDJYJXH,250
250,2017-12-30,172.21,173.66,171.2,172.41,8979154.0,BABA VU1EHIDJYJXH,251
251,2018-01-03,176.51,184.1,175.7,183.65,29488168.0,BABA VU1EHIDJYJXH,252
252,2018-01-04,185.11,185.61,181.4,184.0,19220985.0,BABA VU1EHIDJYJXH,253
253,2018-01-05,185.98,187.74,184.45,185.71,19229521.0,BABA VU1EHIDJYJXH,254
254,2018-01-06,186.88,190.75,186.35,190.7,17818456.0,BABA VU1EHIDJYJXH,255
255,2018-01-09,190.46,191.66,189.09,190.33,14601328.0,BABA VU1EHIDJYJXH,256
256,2018-01-10,191.0,192.49,188.0,190.8,19308162.0,BABA VU1EHIDJYJXH,257
257,2018-01-11,188.0,190.37,186.58,189.79,15951787.0,BABA VU1EHIDJYJXH,258
258,2018-01-12,190.0,190.43,188.11,188.75,11837909.0,BABA VU1EHIDJYJXH,259
259,2018-01-13,190.0,190.18,187.28,187.76,11130076.0,BABA VU1EHIDJYJXH,260
260,2018-01-17,190.4,191.73,181.75,182.4,25822262.0,BABA VU1EHIDJYJXH,261
261,2018-01-18,183.3,184.78,179.33,183.83,20702739.0,BABA VU1EHIDJYJXH,262
262,2018-01-19,184.18,185.82,182.7,184.4,13965866.0,BABA VU1EHIDJYJXH,263
263,2018-01-20,185.1,185.22,182.8,184.08,14450766.0,BABA VU1EHIDJYJXH,264
264,2018-01-23,185.0,185.04,181.68,183.94,13726300.0,BABA VU1EHIDJYJXH,265
265,2018-01-24,185.0,192.4,183.55,192.24,30470448.0,BABA VU1EHIDJYJXH,266
266,2018-01-25,195.0,198.86,192.46,195.53,33961026.0,BABA VU1EHIDJYJXH,267
267,2018-01-26,196.5,199.59,194.15,198.22,22189481.0,BABA VU1EHIDJYJXH,268
268,2018-01-27,200.43,205.23,199.21,205.22,22254303.0,BABA VU1EHIDJYJXH,269
269,2018-01-30,205.0,205.68,201.85,203.01,20958717.0,BABA VU1EHIDJYJXH,270
270,2018-01-31,198.8,202.54,196.49,199.66,22380680.0,BABA VU1EHIDJYJXH,271
271,2018-02-01,202.85,206.2,202.8,204.29,26033907.0,BABA VU1EHIDJYJXH,272
272,2018-02-02,193.0,199.45,191.14,191.88,47283432.0,BABA VU1EHIDJYJXH,273
273,2018-02-03,194.69,195.68,186.8,187.31,30877001.0,BABA VU1EHIDJYJXH,274
274,2018-02-06,183.6,190.42,179.9,181.01,29247632.0,BABA VU1EHIDJYJXH,275
275,2018-02-07,175.0,185.59,174.17,185.17,34241472.0,BABA VU1EHIDJYJXH,276
276,2018-02-08,183.5,186.83,180.75,180.75,18427155.0,BABA VU1EHIDJYJXH,277
277,2018-02-09,182.0,183.06,171.4,172.51,29097843.0,BABA VU1EHIDJYJXH,278
278,2018-02-10,175.14,177.6,168.88,176.59,27007178.0,BABA VU1EHIDJYJXH,279
279,2018-02-13,180.04,180.79,175.1,177.44,17383226.0,BABA VU1EHIDJYJXH,280
280,2018-02-14,177.42,182.15,177.01,179.25,14558092.0,BABA VU1EHIDJYJXH,281
281,2018-02-15,179.0,186.92,178.95,186.76,19498699.0,BABA VU1EHIDJYJXH,282
282,2018-02-16,189.4,189.56,184.43,187.36,13627886.0,BABA VU1EHIDJYJXH,283
283,2018-02-17,186.69,188.26,183.57,183.68,14748348.0,BABA VU1EHIDJYJXH,284
284,2018-02-21,183.61,188.83,183.0,187.19,14420158.0,BABA VU1EHIDJYJXH,285
285,2018-02-22,190.0,193.17,188.5,188.82,21486547.0,BABA VU1EHIDJYJXH,286
286,2018-02-23,190.32,190.68,187.77,188.75,11553062.0,BABA VU1EHIDJYJXH,287
287,2018-02-24,190.29,193.4,189.95,193.3,15946398.0,BABA VU1EHIDJYJXH,288
288,2018-02-27,194.51,194.8,190.66,194.19,18224495.0,BABA VU1EHIDJYJXH,289
289,2018-02-28,192.5,193.3,187.21,188.3,21311194.0,BABA VU1EHIDJYJXH,290
290,2018-03-01,187.2,188.24,185.0,185.73,16605304.0,BABA VU1EHIDJYJXH,291
291,2018-03-02,186.0,187.46,180.05,181.99,16953164.0,BABA VU1EHIDJYJXH,292
292,2018-03-03,178.0,180.14,175.47,179.76,18300716.0,BABA VU1EHIDJYJXH,293
293,2018-03-06,179.75,181.95,177.11,181.68,14229125.0,BABA VU1EHIDJYJXH,294
294,2018-03-07,185.08,188.01,184.82,187.37,16986189.0,BABA VU1EHIDJYJXH,295
295,2018-03-08,184.37,189.07,184.32,189.05,13075610.0,BABA VU1EHIDJYJXH,296
296,2018-03-09,189.05,190.23,186.59,187.18,12954040.0,BABA VU1EHIDJYJXH,297
297,2018-03-10,189.54,190.69,188.01,190.55,13710019.0,BABA VU1EHIDJYJXH,298
298,2018-03-13,192.0,194.4,190.91,192.8,17330779.0,BABA VU1EHIDJYJXH,299
299,2018-03-14,193.99,194.24,187.41,188.41,14501307.0,BABA VU1EHIDJYJXH,300
300,2018-03-15,190.29,193.63,190.22,192.56,18862313.0,BABA VU1EHIDJYJXH,301
301,2018-03-16,198.0,201.5,196.52,199.06,31496535.0,BABA VU1EHIDJYJXH,302
302,2018-03-17,198.58,200.38,197.26,200.22,17791928.0,BABA VU1EHIDJYJXH,303
303,2018-03-20,198.0,198.43,192.81,194.53,19244959.0,BABA VU1EHIDJYJXH,304
304,2018-03-21,195.0,199.21,194.54,198.95,11645888.0,BABA VU1EHIDJYJXH,305
305,2018-03-22,198.85,198.88,194.57,195.3,11701514.0,BABA VU1EHIDJYJXH,306
306,2018-03-23,190.59,192.39,184.6,184.65,24314995.0,BABA VU1EHIDJYJXH,307
307,2018-03-24,187.0,188.48,180.42,181.19,17385138.0,BABA VU1EHIDJYJXH,308
308,2018-03-27,187.97,190.59,184.32,190.49,15201225.0,BABA VU1EHIDJYJXH,309
309,2018-03-28,192.0,192.25,180.67,181.89,15902534.0,BABA VU1EHIDJYJXH,310
310,2018-03-29,180.45,183.44,177.58,178.97,18573198.0,BABA VU1EHIDJYJXH,311
311,2018-03-30,181.0,185.1,178.69,183.55,15386854.0,BABA VU1EHIDJYJXH,312
312,2018-04-03,182.52,183.51,175.75,177.61,15624097.0,BABA VU1EHIDJYJXH,313
313,2018-04-04,179.0,179.5,173.0,174.67,19553889.0,BABA VU1EHIDJYJXH,314
314,2018-04-05,166.73,172.4,166.13,172.05,23212738.0,BABA VU1EHIDJYJXH,315
315,2018-04-06,175.42,176.56,171.2,172.57,17841601.0,BABA VU1EHIDJYJXH,316
316,2018-04-07,169.89,172.27,166.42,167.52,17539623.0,BABA VU1EHIDJYJXH,317
317,2018-04-10,169.87,172.72,168.62,169.9,12931525.0,BABA VU1EHIDJYJXH,318
318,2018-04-11,175.0,177.88,173.85,177.1,18814748.0,BABA VU1EHIDJYJXH,319
319,2018-04-12,176.25,178.16,174.75,175.36,9911428.0,BABA VU1EHIDJYJXH,320
320,2018-04-13,175.81,177.9,174.56,175.92,10683372.0,BABA VU1EHIDJYJXH,321
321,2018-04-14,176.72,176.78,171.07,172.04,13278333.0,BABA VU1EHIDJYJXH,322
322,2018-04-17,172.15,174.79,171.02,174.7,9514211.0,BABA VU1EHIDJYJXH,323
323,2018-04-18,175.0,179.34,174.95,178.7,12332611.0,BABA VU1EHIDJYJXH,324
324,2018-04-19,179.0,182.88,177.64,182.68,15047312.0,BABA VU1EHIDJYJXH,325
325,2018-04-20,183.3,183.52,179.52,181.39,10477975.0,BABA VU1EHIDJYJXH,326
326,2018-04-21,179.29,181.38,177.55,179.11,12973830.0,BABA VU1EHIDJYJXH,327
327,2018-04-24,178.99,179.32,174.72,175.57,10430488.0,BABA VU1EHIDJYJXH,328
328,2018-04-25,177.75,178.0,170.72,173.09,14660065.0,BABA VU1EHIDJYJXH,329
329,2018-04-26,170.47,171.28,166.64,170.22,16602165.0,BABA VU1EHIDJYJXH,330
330,2018-04-27,173.24,174.35,172.05,173.9,12629901.0,BABA VU1EHIDJYJXH,331
331,2018-04-28,177.49,178.2,174.01,177.15,13661373.0,BABA VU1EHIDJYJXH,332
332,2018-05-01,178.0,180.04,177.09,178.58,12294961.0,BABA VU1EHIDJYJXH,333
333,2018-05-02,177.44,180.31,177.44,179.5,9893426.0,BABA VU1EHIDJYJXH,334
334,2018-05-03,180.49,184.26,180.11,181.45,19943393.0,BABA VU1EHIDJYJXH,335
335,2018-05-04,183.59,183.59,175.77,182.45,25563221.0,BABA VU1EHIDJYJXH,336
336,2018-05-05,180.0,190.6,178.62,188.89,51411067.0,BABA VU1EHIDJYJXH,337
337,2018-05-08,190.43,196.6,190.35,195.35,28705395.0,BABA VU1EHIDJYJXH,338
338,2018-05-09,194.5,197.34,193.03,196.31,20949837.0,BABA VU1EHIDJYJXH,339
339,2018-05-10,196.06,197.38,194.61,195.41,13045216.0,BABA VU1EHIDJYJXH,340
340,2018-05-11,196.23,199.77,195.19,195.96,19536053.0,BABA VU1EHIDJYJXH,341
341,2018-05-12,196.22,196.46,193.38,194.36,12364363.0,BABA VU1EHIDJYJXH,342
342,2018-05-15,195.99,200.0,195.85,198.64,16937442.0,BABA VU1EHIDJYJXH,343
343,2018-05-16,195.0,196.77,193.86,196.61,12394956.0,BABA VU1EHIDJYJXH,344
344,2018-05-17,196.3,199.75,196.3,198.11,12423946.0,BABA VU1EHIDJYJXH,345
345,2018-05-18,195.99,198.43,195.58,196.02,12433555.0,BABA VU1EHIDJYJXH,346
346,2018-05-19,196.5,197.78,194.74,195.04,10769835.0,BABA VU1EHIDJYJXH,347
347,2018-05-22,198.0,199.79,196.4,197.64,13430203.0,BABA VU1EHIDJYJXH,348
348,2018-05-23,198.18,198.61,195.71,195.87,9468881.0,BABA VU1EHIDJYJXH,349
349,2018-05-24,193.88,196.9,192.82,196.78,10843832.0,BABA VU1EHIDJYJXH,350
350,2018-05-25,197.95,199.7,195.7,197.37,17947167.0,BABA VU1EHIDJYJXH,351
351,2018-05-26,197.65,201.5,197.25,199.18,20502493.0,BABA VU1EHIDJYJXH,352
352,2018-05-30,197.89,202.28,197.0,198.0,17945889.0,BABA VU1EHIDJYJXH,353
353,2018-05-31,199.74,200.54,197.5,197.98,13441493.0,BABA VU1EHIDJYJXH,354
354,2018-06-01,198.0,199.48,196.88,198.01,17631299.0,BABA VU1EHIDJYJXH,355
355,2018-06-02,199.99,204.98,199.5,204.34,22537588.0,BABA VU1EHIDJYJXH,356
356,2018-06-05,205.12,209.75,204.91,208.95,18548969.0,BABA VU1EHIDJYJXH,357
357,2018-06-06,210.0,211.69,207.14,208.32,17118534.0,BABA VU1EHIDJYJXH,358
358,2018-06-07,209.87,210.46,207.3,208.15,13096628.0,BABA VU1EHIDJYJXH,359
359,2018-06-08,207.75,209.0,200.89,203.62,25911390.0,BABA VU1EHIDJYJXH,360
360,2018-06-09,201.05,206.23,200.47,205.05,16730677.0,BABA VU1EHIDJYJXH,361
361,2018-06-12,206.5,207.6,205.02,205.7,11803929.0,BABA VU1EHIDJYJXH,362
362,2018-06-13,206.95,209.8,206.91,209.08,15744278.0,BABA VU1EHIDJYJXH,363
363,2018-06-14,209.44,209.65,206.6,206.62,13409064.0,BABA VU1EHIDJYJXH,364
364,2018-06-15,207.72,211.12,207.52,210.94,17937481.0,BABA VU1EHIDJYJXH,365
365,2018-06-16,207.13,210.08,206.01,208.0,27757526.0,BABA VU1EHIDJYJXH,366
366,2018-06-19,205.21,208.6,203.88,208.57,14376523.0,BABA VU1EHIDJYJXH,367
367,2018-06-20,203.41,204.5,199.5,204.38,23160271.0,BABA VU1EHIDJYJXH,368
368,2018-06-21,205.12,207.23,205.02,206.23,15176848.0,BABA VU1EHIDJYJXH,369
369,2018-06-22,205.84,205.99,201.04,202.21,13732447.0,BABA VU1EHIDJYJXH,370
370,2018-06-23,203.46,203.79,200.26,201.87,8811525.0,BABA VU1EHIDJYJXH,371
371,2018-06-26,197.75,198.0,188.3,191.25,32333700.0,BABA VU1EHIDJYJXH,372
372,2018-06-27,193.38,193.66,188.42,191.37,19825479.0,BABA VU1EHIDJYJXH,373
373,2018-06-28,193.5,193.6,184.89,184.94,22802615.0,BABA VU1EHIDJYJXH,374
374,2018-06-29,183.16,188.96,182.05,188.38,19232129.0,BABA VU1EHIDJYJXH,375
375,2018-06-30,185.67,188.97,184.27,185.45,22632010.0,BABA VU1EHIDJYJXH,376
376,2018-07-03,181.82,186.28,181.07,186.28,16500013.0,BABA VU1EHIDJYJXH,377
377,2018-07-04,187.85,188.5,184.36,184.75,11305434.0,BABA VU1EHIDJYJXH,378
378,2018-07-06,187.43,187.44,182.9,186.84,17841116.0,BABA VU1EHIDJYJXH,379
379,2018-07-07,186.0,192.49,185.55,192.19,16277993.0,BABA VU1EHIDJYJXH,380
380,2018-07-10,194.64,194.68,190.87,192.72,14846995.0,BABA VU1EHIDJYJXH,381
381,2018-07-11,193.0,195.13,191.48,192.53,12096656.0,BABA VU1EHIDJYJXH,382
382,2018-07-12,188.6,190.05,187.42,187.44,15001249.0,BABA VU1EHIDJYJXH,383
383,2018-07-13,190.79,192.58,189.79,190.18,16001978.0,BABA VU1EHIDJYJXH,384
384,2018-07-14,191.48,192.1,189.3,190.0,12031691.0,BABA VU1EHIDJYJXH,385
385,2018-07-17,189.6,191.36,189.15,190.34,11622841.0,BABA VU1EHIDJYJXH,386
386,2018-07-18,188.5,192.95,187.92,192.66,12728696.0,BABA VU1EHIDJYJXH,387
387,2018-07-19,193.0,193.23,189.94,190.83,9981868.0,BABA VU1EHIDJYJXH,388
388,2018-07-20,188.5,189.68,186.87,187.36,12483781.0,BABA VU1EHIDJYJXH,389
389,2018-07-21,189.21,189.49,186.63,187.17,11775947.0,BABA VU1EHIDJYJXH,390
390,2018-07-24,187.0,187.78,184.8,187.03,10434178.0,BABA VU1EHIDJYJXH,391
391,2018-07-25,190.5,193.06,188.35,189.01,17953267.0,BABA VU1EHIDJYJXH,392
392,2018-07-26,190.7,198.35,190.14,197.98,20473983.0,BABA VU1EHIDJYJXH,393
393,2018-07-27,193.0,196.12,192.63,194.18,12877741.0,BABA VU1EHIDJYJXH,394
394,2018-07-28,196.11,196.27,186.94,189.4,19021005.0,BABA VU1EHIDJYJXH,395
395,2018-07-31,190.24,190.59,182.06,184.82,19577614.0,BABA VU1EHIDJYJXH,396
396,2018-08-01,186.0,188.9,183.99,187.17,15705548.0,BABA VU1EHIDJYJXH,397
397,2018-08-02,186.0,189.06,183.96,185.28,13419529.0,BABA VU1EHIDJYJXH,398
398,2018-08-03,181.5,182.9,179.78,182.59,19957222.0,BABA VU1EHIDJYJXH,399
399,2018-08-04,184.2,184.34,180.09,180.84,17140885.0,BABA VU1EHIDJYJXH,400
400,2018-08-07,180.84,180.85,177.49,178.63,33287671.0,BABA VU1EHIDJYJXH,401
401,2018-08-08,180.0,182.99,179.74,179.92,20167473.0,BABA VU1EHIDJYJXH,402
402,2018-08-09,180.0,180.18,176.55,177.51,20499655.0,BABA VU1EHIDJYJXH,403
403,2018-08-10,179.1,180.6,176.77,177.15,33349903.0,BABA VU1EHIDJYJXH,404
404,2018-08-11,175.37,180.43,174.77,179.95,17510401.0,BABA VU1EHIDJYJXH,405
405,2018-08-14,179.5,180.65,177.0,177.65,12842077.0,BABA VU1EHIDJYJXH,406
406,2018-08-15,175.0,176.2,170.78,172.53,32884793.0,BABA VU1EHIDJYJXH,407
407,2018-08-16,167.34,169.85,165.4,169.83,38884596.0,BABA VU1EHIDJYJXH,408
408,2018-08-17,172.49,175.69,171.57,171.98,27026057.0,BABA VU1EHIDJYJXH,409
409,2018-08-18,172.52,174.19,168.46,172.78,24269067.0,BABA VU1EHIDJYJXH,410
410,2018-08-21,175.15,178.86,174.36,176.29,23373122.0,BABA VU1EHIDJYJXH,411
411,2018-08-22,177.55,179.66,176.97,177.94,18141207.0,BABA VU1EHIDJYJXH,412
412,2018-08-23,178.29,179.73,175.51,177.85,26473838.0,BABA VU1EHIDJYJXH,413
413,2018-08-24,185.0,186.5,171.91,172.23,73369065.0,BABA VU1EHIDJYJXH,414
414,2018-08-25,174.9,176.37,172.45,174.24,28565538.0,BABA VU1EHIDJYJXH,415
415,2018-08-28,177.11,180.77,176.22,180.65,21623225.0,BABA VU1EHIDJYJXH,416
416,2018-08-29,182.17,182.38,177.5,178.19,14680120.0,BABA VU1EHIDJYJXH,417
417,2018-08-30,179.45,179.66,176.84,178.49,11459763.0,BABA VU1EHIDJYJXH,418
418,2018-08-31,177.5,178.1,174.13,174.61,15180462.0,BABA VU1EHIDJYJXH,419
419,2018-09-01,173.13,176.68,172.76,175.01,11994483.0,BABA VU1EHIDJYJXH,420
420,2018-09-05,173.39,173.94,169.65,170.41,21571337.0,BABA VU1EHIDJYJXH,421
421,2018-09-06,167.31,168.28,162.3,164.23,33661444.0,BABA VU1EHIDJYJXH,422
422,2018-09-07,164.17,166.48,158.7,159.87,32191358.0,BABA VU1EHIDJYJXH,423
423,2018-09-08,160.0,164.59,159.56,162.37,17978617.0,BABA VU1EHIDJYJXH,424
424,2018-09-11,158.57,160.7,155.0,156.33,33905773.0,BABA VU1EHIDJYJXH,425
425,2018-09-12,153.0,158.45,152.89,157.38,23494161.0,BABA VU1EHIDJYJXH,426
426,2018-09-13,158.2,162.81,156.2,161.48,28734938.0,BABA VU1EHIDJYJXH,427
427,2018-09-14,165.41,167.22,164.02,165.51,24134770.0,BABA VU1EHIDJYJXH,428
428,2018-09-15,167.9,168.0,163.39,164.75,21316494.0,BABA VU1EHIDJYJXH,429
429,2018-09-18,161.5,161.64,158.29,158.78,19278211.0,BABA VU1EHIDJYJXH,430
430,2018-09-19,157.0,159.4,155.52,156.6,25421470.0,BABA VU1EHIDJYJXH,431
431,2018-09-20,159.0,163.08,158.82,162.67,21999420.0,BABA VU1EHIDJYJXH,432
432,2018-09-21,166.94,167.7,164.75,165.94,20521651.0,BABA VU1EHIDJYJXH,433
433,2018-09-22,169.5,169.69,164.5,164.77,19757222.0,BABA VU1EHIDJYJXH,434
434,2018-09-25,162.78,163.38,160.1,163.14,12125759.0,BABA VU1EHIDJYJXH,435
435,2018-09-26,164.21,165.44,162.83,164.25,9414310.0,BABA VU1EHIDJYJXH,436
436,2018-09-27,165.43,167.39,164.87,165.39,12678764.0,BABA VU1EHIDJYJXH,437
437,2018-09-28,166.23,167.04,164.92,166.32,11256010.0,BABA VU1EHIDJYJXH,438
438,2018-09-29,164.99,165.66,163.3,164.74,9160146.0,BABA VU1EHIDJYJXH,439
439,2018-10-02,165.76,166.0,161.57,162.0,10433263.0,BABA VU1EHIDJYJXH,440
440,2018-10-03,159.79,161.03,158.28,160.19,12659351.0,BABA VU1EHIDJYJXH,441
441,2018-10-04,163.14,164.54,161.95,162.37,12320258.0,BABA VU1EHIDJYJXH,442
442,2018-10-05,160.0,160.08,153.87,156.08,28773246.0,BABA VU1EHIDJYJXH,443
443,2018-10-06,156.14,157.11,152.25,154.65,19641770.0,BABA VU1EHIDJYJXH,444
444,2018-10-09,150.02,152.62,148.36,151.14,23443252.0,BABA VU1EHIDJYJXH,445
445,2018-10-10,148.08,150.57,146.48,146.9,29094919.0,BABA VU1EHIDJYJXH,446
446,2018-10-11,142.37,144.0,137.92,138.29,54143617.0,BABA VU1EHIDJYJXH,447
447,2018-10-12,135.55,142.91,135.31,141.97,40209020.0,BABA VU1EHIDJYJXH,448
448,2018-10-13,148.63,148.78,144.53,147.68,26129047.0,BABA VU1EHIDJYJXH,449
449,2018-10-16,144.81,145.69,142.3,144.12,17147484.0,BABA VU1EHIDJYJXH,450
450,2018-10-17,145.87,149.76,145.26,149.64,16413773.0,BABA VU1EHIDJYJXH,451
451,2018-10-18,150.35,150.68,146.37,148.14,16102396.0,BABA VU1EHIDJYJXH,452
452,2018-10-19,146.15,146.28,140.92,141.88,18537080.0,BABA VU1EHIDJYJXH,453
453,2018-10-20,145.5,146.75,142.62,142.93,13550917.0,BABA VU1EHIDJYJXH,454
454,2018-10-23,148.88,150.2,146.12,148.8,21358658.0,BABA VU1EHIDJYJXH,455
455,2018-10-24,143.08,147.51,142.62,146.65,17192766.0,BABA VU1EHIDJYJXH,456
456,2018-10-25,145.18,146.69,139.34,139.61,16904875.0,BABA VU1EHIDJYJXH,457
457,2018-10-26,142.49,144.91,141.02,144.58,12540381.0,BABA VU1EHIDJYJXH,458
458,2018-10-27,138.9,145.81,138.56,142.92,18448376.0,BABA VU1EHIDJYJXH,459
459,2018-10-30,142.42,144.0,131.36,133.38,34078238.0,BABA VU1EHIDJYJXH,460
460,2018-10-31,132.46,136.4,130.07,136.26,23835933.0,BABA VU1EHIDJYJXH,461
461,2018-11-01,141.57,142.64,139.14,142.26,21171835.0,BABA VU1EHIDJYJXH,462
462,2018-11-02,145.0,152.31,138.63,151.25,45813917.0,BABA VU1EHIDJYJXH,463
463,2018-11-03,152.86,154.35,146.3,147.63,38762993.0,BABA VU1EHIDJYJXH,464
464,2018-11-06,146.18,149.37,144.23,144.81,14192592.0,BABA VU1EHIDJYJXH,465
465,2018-11-07,145.94,149.95,145.38,147.44,17394525.0,BABA VU1EHIDJYJXH,466
466,2018-11-08,150.64,152.8,148.95,152.53,16684156.0,BABA VU1EHIDJYJXH,467
467,2018-11-09,151.0,151.88,146.69,148.95,15361941.0,BABA VU1EHIDJYJXH,468
468,2018-11-10,145.42,145.71,142.5,144.85,15753200.0,BABA VU1EHIDJYJXH,469
469,2018-11-13,145.07,146.38,139.97,142.77,15093820.0,BABA VU1EHIDJYJXH,470
470,2018-11-14,144.88,149.94,143.91,146.88,18761283.0,BABA VU1EHIDJYJXH,471
471,2018-11-15,150.21,152.15,148.44,150.5,20472118.0,BABA VU1EHIDJYJXH,472
472,2018-11-16,152.73,157.4,150.89,156.24,28439807.0,BABA VU1EHIDJYJXH,473
473,2018-11-17,155.0,155.8,152.15,153.9,17945435.0,BABA VU1EHIDJYJXH,474
474,2018-11-20,152.0,153.21,148.77,149.47,16132342.0,BABA VU1EHIDJYJXH,475
475,2018-11-21,144.48,148.03,142.85,145.98,18146533.0,BABA VU1EHIDJYJXH,476
476,2018-11-22,149.43,151.48,148.65,149.41,13775623.0,BABA VU1EHIDJYJXH,477
477,2018-11-24,147.15,151.17,147.0,150.04,6760534.0,BABA VU1EHIDJYJXH,478
478,2018-11-27,153.69,156.53,152.37,156.01,16018836.0,BABA VU1EHIDJYJXH,479
479,2018-11-28,154.81,157.93,153.6,156.44,16464533.0,BABA VU1EHIDJYJXH,480
480,2018-11-29,159.11,159.8,155.26,159.32,20027172.0,BABA VU1EHIDJYJXH,481
481,2018-11-30,158.08,158.98,153.55,156.16,19225642.0,BABA VU1EHIDJYJXH,482
482,2018-12-01,158.0,160.69,156.73,160.55,17427722.0,BABA VU1EHIDJYJXH,483
483,2018-12-04,168.68,168.78,163.52,163.73,28264588.0,BABA VU1EHIDJYJXH,484
484,2018-12-05,164.31,164.97,156.49,158.34,20869897.0,BABA VU1EHIDJYJXH,485
485,2018-12-07,153.0,155.87,150.57,155.79,22804092.0,BABA VU1EHIDJYJXH,486
486,2018-12-08,155.4,158.04,151.74,153.06,17064760.0,BABA VU1EHIDJYJXH,487
487,2018-12-11,150.43,152.78,147.48,151.4,14734805.0,BABA VU1EHIDJYJXH,488
488,2018-12-12,155.23,156.24,150.95,151.83,12689201.0,BABA VU1EHIDJYJXH,489
489,2018-12-13,155.0,156.16,151.43,151.5,16320630.0,BABA VU1EHIDJYJXH,490
490,2018-12-14,153.05,153.45,150.55,151.48,11597466.0,BABA VU1EHIDJYJXH,491
491,2018-12-15,147.65,150.62,145.72,149.0,14780544.0,BABA VU1EHIDJYJXH,492
492,2018-12-18,146.45,147.94,142.24,143.98,14698461.0,BABA VU1EHIDJYJXH,493
493,2018-12-19,144.33,144.75,140.14,140.72,15816871.0,BABA VU1EHIDJYJXH,494
494,2018-12-20,140.75,141.33,135.74,137.14,25442906.0,BABA VU1EHIDJYJXH,495
495,2018-12-21,136.0,137.76,132.94,134.96,22872142.0,BABA VU1EHIDJYJXH,496
496,2018-12-22,137.08,137.19,130.24,131.37,23551450.0,BABA VU1EHIDJYJXH,497
497,2018-12-25,130.0,134.57,129.77,131.9,10500925.0,BABA VU1EHIDJYJXH,498
498,2018-12-27,132.87,138.01,130.19,138.0,14216424.0,BABA VU1EHIDJYJXH,499
499,2018-12-28,135.05,138.39,133.9,138.39,10631434.0,BABA VU1EHIDJYJXH,500
500,2018-12-29,139.2,140.97,136.81,139.09,11713495.0,BABA VU1EHIDJYJXH,501
501,2019-01-01,141.9,142.02,136.04,137.07,10889016.0,BABA VU1EHIDJYJXH,502
502,2019-01-03,134.21,137.74,133.03,136.64,15216584.0,BABA VU1EHIDJYJXH,503
503,2019-01-04,134.1,134.85,129.83,130.6,18571041.0,BABA VU1EHIDJYJXH,504
504,2019-01-05,134.37,141.05,133.66,139.75,22187252.0,BABA VU1EHIDJYJXH,505
505,2019-01-08,140.86,144.08,139.01,143.1,16489241.0,BABA VU1EHIDJYJXH,506
506,2019-01-09,145.0,147.54,142.1,146.88,15087970.0,BABA VU1EHIDJYJXH,507
507,2019-01-10,149.71,153.35,148.5,151.9,18799102.0,BABA VU1EHIDJYJXH,508
508,2019-01-11,149.79,152.01,148.9,151.69,13941858.0,BABA VU1EHIDJYJXH,509
509,2019-01-12,151.9,153.38,150.15,151.32,9195592.0,BABA VU1EHIDJYJXH,510
510,2019-01-15,148.54,150.56,146.6,149.45,11860814.0,BABA VU1EHIDJYJXH,511
511,2019-01-16,150.68,154.17,149.98,150.88,14320162.0,BABA VU1EHIDJYJXH,512
512,2019-01-17,152.57,155.39,151.51,154.84,13499844.0,BABA VU1EHIDJYJXH,513
513,2019-01-18,152.17,158.55,152.06,156.0,14969307.0,BABA VU1EHIDJYJXH,514
514,2019-01-19,158.59,159.48,154.73,157.03,16560016.0,BABA VU1EHIDJYJXH,515
515,2019-01-23,154.3,155.44,150.21,152.09,18242894.0,BABA VU1EHIDJYJXH,516
516,2019-01-24,154.68,155.18,150.95,152.03,9601792.0,BABA VU1EHIDJYJXH,517
517,2019-01-25,151.89,156.0,151.21,155.86,9626400.0,BABA VU1EHIDJYJXH,518
518,2019-01-26,159.0,160.5,157.43,159.21,15748954.0,BABA VU1EHIDJYJXH,519
519,2019-01-29,157.96,159.68,155.3,158.92,9643992.0,BABA VU1EHIDJYJXH,520
520,2019-01-30,159.0,160.33,155.93,156.88,15903214.0,BABA VU1EHIDJYJXH,521
521,2019-01-31,161.0,167.84,160.73,166.82,33941681.0,BABA VU1EHIDJYJXH,522
522,2019-02-01,168.0,169.73,165.7,168.45,18988645.0,BABA VU1EHIDJYJXH,523
523,2019-02-02,167.98,169.4,167.63,167.9,9619096.0,BABA VU1EHIDJYJXH,524
524,2019-02-05,166.16,167.55,165.68,166.71,6769651.0,BABA VU1EHIDJYJXH,525
525,2019-02-06,168.56,171.94,168.25,171.83,12521562.0,BABA VU1EHIDJYJXH,526
526,2019-02-07,171.86,173.05,170.0,171.52,10487630.0,BABA VU1EHIDJYJXH,527
527,2019-02-08,169.0,169.61,164.37,167.05,11372280.0,BABA VU1EHIDJYJXH,528
528,2019-02-09,163.97,167.65,163.75,167.36,7642722.0,BABA VU1EHIDJYJXH,529
529,2019-02-12,168.81,170.33,167.45,167.45,7045132.0,BABA VU1EHIDJYJXH,530
530,2019-02-13,169.7,170.49,168.61,168.71,8355436.0,BABA VU1EHIDJYJXH,531
531,2019-02-14,169.91,171.05,168.99,169.4,8074793.0,BABA VU1EHIDJYJXH,532
532,2019-02-15,167.5,168.5,166.61,168.38,8032420.0,BABA VU1EHIDJYJXH,533
533,2019-02-16,168.21,168.76,165.41,166.13,10262354.0,BABA VU1EHIDJYJXH,534
534,2019-02-20,166.99,171.12,166.5,170.19,11622385.0,BABA VU1EHIDJYJXH,535
535,2019-02-21,171.0,172.68,170.61,170.71,12157201.0,BABA VU1EHIDJYJXH,536
536,2019-02-22,170.86,171.77,169.8,171.63,7588357.0,BABA VU1EHIDJYJXH,537
537,2019-02-23,172.8,177.02,172.53,176.92,15161084.0,BABA VU1EHIDJYJXH,538
538,2019-02-26,181.3,183.7,180.76,183.26,21127636.0,BABA VU1EHIDJYJXH,539
539,2019-02-27,179.8,184.35,179.37,183.54,13133299.0,BABA VU1EHIDJYJXH,540
540,2019-02-28,181.7,184.93,180.9,184.58,12483378.0,BABA VU1EHIDJYJXH,541
541,2019-03-01,183.08,184.3,181.47,183.03,10635277.0,BABA VU1EHIDJYJXH,542
542,2019-03-02,185.03,186.89,183.38,183.88,13181714.0,BABA VU1EHIDJYJXH,543
543,2019-03-05,186.01,187.34,184.46,187.25,13673485.0,BABA VU1EHIDJYJXH,544
544,2019-03-06,186.94,188.08,185.0,185.0,11014145.0,BABA VU1EHIDJYJXH,545
545,2019-03-07,184.38,185.59,183.03,184.17,9605974.0,BABA VU1EHIDJYJXH,546
546,2019-03-08,180.79,181.8,176.73,177.35,14816717.0,BABA VU1EHIDJYJXH,547
547,2019-03-09,171.6,175.34,171.57,175.13,12791108.0,BABA VU1EHIDJYJXH,548
548,2019-03-12,177.98,181.71,177.63,180.41,13202916.0,BABA VU1EHIDJYJXH,549
549,2019-03-13,182.04,182.18,179.52,180.63,7906608.0,BABA VU1EHIDJYJXH,550
550,2019-03-14,180.33,182.54,179.26,180.7,8428091.0,BABA VU1EHIDJYJXH,551
551,2019-03-15,179.0,180.82,178.02,180.36,8382711.0,BABA VU1EHIDJYJXH,552
552,2019-03-16,180.66,181.45,179.66,180.95,8241407.0,BABA VU1EHIDJYJXH,553
553,2019-03-19,182.29,182.88,180.77,181.83,7422746.0,BABA VU1EHIDJYJXH,554
554,2019-03-20,181.7,183.36,180.91,182.15,9215145.0,BABA VU1EHIDJYJXH,555
555,2019-03-21,180.94,181.95,178.44,181.28,12127949.0,BABA VU1EHIDJYJXH,556
556,2019-03-22,179.13,181.73,178.54,181.5,9630470.0,BABA VU1EHIDJYJXH,557
557,2019-03-23,179.78,180.46,175.35,176.26,11340833.0,BABA VU1EHIDJYJXH,558
558,2019-03-26,174.45,178.9,174.1,178.77,7243709.0,BABA VU1EHIDJYJXH,559
559,2019-03-27,179.8,180.65,177.1,178.08,7030913.0,BABA VU1EHIDJYJXH,560
560,2019-03-28,178.0,179.83,176.92,177.03,9034122.0,BABA VU1EHIDJYJXH,561
561,2019-03-29,177.5,178.52,175.99,177.73,6997790.0,BABA VU1EHIDJYJXH,562
562,2019-03-30,180.75,182.6,179.0,182.45,12773140.0,BABA VU1EHIDJYJXH,563
563,2019-04-02,185.09,185.55,180.89,180.89,11820989.0,BABA VU1EHIDJYJXH,564
564,2019-04-03,181.42,183.56,180.96,181.74,7488456.0,BABA VU1EHIDJYJXH,565
565,2019-04-04,179.53,180.7,176.78,178.32,24799262.0,BABA VU1EHIDJYJXH,566
566,2019-04-05,177.0,181.95,176.92,181.07,16635346.0,BABA VU1EHIDJYJXH,567
567,2019-04-06,182.51,185.5,182.0,185.33,17723361.0,BABA VU1EHIDJYJXH,568
568,2019-04-09,184.3,187.82,184.01,186.5,14063971.0,BABA VU1EHIDJYJXH,569
569,2019-04-10,186.49,187.89,186.17,187.15,10704615.0,BABA VU1EHIDJYJXH,570
570,2019-04-11,186.62,187.4,184.01,186.17,9803001.0,BABA VU1EHIDJYJXH,571
571,2019-04-12,185.01,186.03,183.75,184.93,7716092.0,BABA VU1EHIDJYJXH,572
572,2019-04-13,187.73,189.79,187.16,188.89,11571247.0,BABA VU1EHIDJYJXH,573
573,2019-04-16,188.03,188.17,182.56,183.09,12573026.0,BABA VU1EHIDJYJXH,574
574,2019-04-17,185.52,185.78,183.4,185.78,11454674.0,BABA VU1EHIDJYJXH,575
575,2019-04-18,187.49,188.19,185.78,187.54,10299824.0,BABA VU1EHIDJYJXH,576
576,2019-04-19,186.41,187.27,185.39,186.94,7640809.0,BABA VU1EHIDJYJXH,577
577,2019-04-23,184.41,186.46,183.65,185.4,6279169.0,BABA VU1EHIDJYJXH,578
578,2019-04-24,186.0,188.15,185.44,187.29,10260257.0,BABA VU1EHIDJYJXH,579
579,2019-04-25,186.76,186.9,184.59,185.67,8616598.0,BABA VU1EHIDJYJXH,580
580,2019-04-26,185.24,188.11,183.99,187.87,9648220.0,BABA VU1EHIDJYJXH,581
581,2019-04-27,187.88,188.74,185.51,187.09,9223542.0,BABA VU1EHIDJYJXH,582
582,2019-04-30,187.54,187.99,186.03,186.9,7175159.0,BABA VU1EHIDJYJXH,583
583,2019-05-01,186.35,188.25,183.84,185.57,12855035.0,BABA VU1EHIDJYJXH,584
584,2019-05-02,186.8,193.18,185.91,189.29,15988264.0,BABA VU1EHIDJYJXH,585
585,2019-05-03,189.42,192.7,186.65,190.39,10688998.0,BABA VU1EHIDJYJXH,586
586,2019-05-04,191.94,195.72,191.94,195.21,14116987.0,BABA VU1EHIDJYJXH,587
587,2019-05-07,185.37,189.0,184.89,188.24,21621066.0,BABA VU1EHIDJYJXH,588
588,2019-05-08,186.01,186.41,179.66,181.43,22061573.0,BABA VU1EHIDJYJXH,589
589,2019-05-09,180.93,183.2,178.6,179.59,15738455.0,BABA VU1EHIDJYJXH,590
590,2019-05-10,175.21,180.68,173.07,179.04,22041224.0,BABA VU1EHIDJYJXH,591
591,2019-05-11,180.18,180.79,174.1,178.0,17774826.0,BABA VU1EHIDJYJXH,592
592,2019-05-14,169.8,172.47,168.8,169.97,20246671.0,BABA VU1EHIDJYJXH,593
593,2019-05-15,172.55,175.13,171.48,174.84,17086863.0,BABA VU1EHIDJYJXH,594
594,2019-05-16,177.3,180.24,173.35,177.6,32611823.0,BABA VU1EHIDJYJXH,595
595,2019-05-17,178.25,178.25,174.75,175.57,20159504.0,BABA VU1EHIDJYJXH,596
596,2019-05-18,171.69,172.29,168.49,169.5,20306707.0,BABA VU1EHIDJYJXH,597
597,2019-05-21,164.19,164.57,160.02,160.67,30099139.0,BABA VU1EHIDJYJXH,598
598,2019-05-22,163.18,165.55,162.53,163.44,19392048.0,BABA VU1EHIDJYJXH,599
599,2019-05-23,162.47,162.8,158.07,158.83,25830526.0,BABA VU1EHIDJYJXH,600
600,2019-05-24,155.5,158.47,154.41,156.0,25725086.0,BABA VU1EHIDJYJXH,601
601,2019-05-25,157.32,158.43,154.95,155.02,20302848.0,BABA VU1EHIDJYJXH,602
602,2019-05-29,156.4,157.06,153.23,154.81,35737395.0,BABA VU1EHIDJYJXH,603
603,2019-05-30,153.5,154.38,150.71,152.48,27808904.0,BABA VU1EHIDJYJXH,604
604,2019-05-31,152.46,153.34,150.25,151.07,17094060.0,BABA VU1EHIDJYJXH,605
605,2019-06-01,149.0,150.65,147.95,149.22,24060935.0,BABA VU1EHIDJYJXH,606
606,2019-06-04,149.51,151.77,148.85,149.99,22334556.0,BABA VU1EHIDJYJXH,607
607,2019-06-05,151.6,155.18,150.64,154.14,19170327.0,BABA VU1EHIDJYJXH,608
608,2019-06-06,155.35,156.11,149.34,151.65,20751265.0,BABA VU1EHIDJYJXH,609
609,2019-06-07,152.0,152.69,150.58,151.5,14946617.0,BABA VU1EHIDJYJXH,610
610,2019-06-08,152.9,155.69,152.23,154.21,16492470.0,BABA VU1EHIDJYJXH,611
611,2019-06-11,158.78,161.98,157.4,159.85,33795297.0,BABA VU1EHIDJYJXH,612
612,2019-06-12,164.1,165.68,161.93,162.66,20882123.0,BABA VU1EHIDJYJXH,613
613,2019-06-13,160.1,161.7,158.81,160.04,15871444.0,BABA VU1EHIDJYJXH,614
614,2019-06-14,160.42,161.32,159.81,160.33,15560148.0,BABA VU1EHIDJYJXH,615
615,2019-06-15,158.52,158.66,157.23,158.1,14449717.0,BABA VU1EHIDJYJXH,616
616,2019-06-18,157.61,160.55,157.42,159.91,14805178.0,BABA VU1EHIDJYJXH,617
617,2019-06-19,163.01,169.1,161.95,165.51,33243595.0,BABA VU1EHIDJYJXH,618
618,2019-06-20,167.7,167.9,163.44,165.43,18669448.0,BABA VU1EHIDJYJXH,619
619,2019-06-21,170.25,170.48,166.29,168.25,22188278.0,BABA VU1EHIDJYJXH,620
620,2019-06-22,167.48,169.47,166.77,167.45,14847758.0,BABA VU1EHIDJYJXH,621
621,2019-06-25,168.5,168.88,165.78,168.1,17150193.0,BABA VU1EHIDJYJXH,622
622,2019-06-26,167.05,167.34,164.63,165.8,20005833.0,BABA VU1EHIDJYJXH,623
623,2019-06-27,168.29,171.21,168.15,168.99,21086522.0,BABA VU1EHIDJYJXH,624
624,2019-06-28,170.88,171.98,169.38,170.9,17961622.0,BABA VU1EHIDJYJXH,625
625,2019-06-29,170.23,170.89,167.97,169.44,15723842.0,BABA VU1EHIDJYJXH,626
626,2019-07-02,175.97,177.93,174.36,175.06,24194653.0,BABA VU1EHIDJYJXH,627
627,2019-07-03,175.13,175.55,174.25,175.45,13035774.0,BABA VU1EHIDJYJXH,628
628,2019-07-04,175.75,175.84,173.85,174.67,8195129.0,BABA VU1EHIDJYJXH,629
629,2019-07-06,173.4,173.82,172.84,173.3,11679520.0,BABA VU1EHIDJYJXH,630
630,2019-07-09,170.03,170.28,168.35,168.45,15454796.0,BABA VU1EHIDJYJXH,631
631,2019-07-10,166.9,168.98,166.5,168.8,13573951.0,BABA VU1EHIDJYJXH,632
632,2019-07-11,171.04,171.35,166.87,166.93,16332324.0,BABA VU1EHIDJYJXH,633
633,2019-07-12,167.2,168.41,165.0,166.55,14378641.0,BABA VU1EHIDJYJXH,634
634,2019-07-13,168.04,170.2,167.38,169.07,17156675.0,BABA VU1EHIDJYJXH,635
635,2019-07-16,171.3,173.75,170.42,173.5,20463566.0,BABA VU1EHIDJYJXH,636
636,2019-07-17,174.2,175.51,173.46,174.19,18345454.0,BABA VU1EHIDJYJXH,637
637,2019-07-18,172.49,176.21,172.49,174.75,14470598.0,BABA VU1EHIDJYJXH,638
638,2019-07-19,173.5,174.4,172.06,172.8,13919780.0,BABA VU1EHIDJYJXH,639
639,2019-07-20,175.0,175.15,172.99,172.99,12744593.0,BABA VU1EHIDJYJXH,640
640,2019-07-23,173.5,174.28,171.44,174.0,17414901.0,BABA VU1EHIDJYJXH,641
641,2019-07-24,175.39,178.64,174.85,178.09,20275199.0,BABA VU1EHIDJYJXH,642
642,2019-07-25,178.0,178.93,176.95,178.67,14100814.0,BABA VU1EHIDJYJXH,643
643,2019-07-26,178.66,179.15,175.38,177.29,13804900.0,BABA VU1EHIDJYJXH,644
644,2019-07-27,177.7,179.39,176.89,178.79,14139452.0,BABA VU1EHIDJYJXH,645
645,2019-07-30,178.48,179.88,175.36,177.03,13200909.0,BABA VU1EHIDJYJXH,646
646,2019-07-31,174.3,175.7,172.89,174.1,13944787.0,BABA VU1EHIDJYJXH,647
647,2019-08-01,173.78,174.89,170.09,173.08,13590435.0,BABA VU1EHIDJYJXH,648
648,2019-08-02,174.54,175.71,162.1,165.65,31957929.0,BABA VU1EHIDJYJXH,649
649,2019-08-03,162.02,163.85,160.38,161.0,25438858.0,BABA VU1EHIDJYJXH,650
650,2019-08-06,155.03,157.22,151.85,153.67,27442338.0,BABA VU1EHIDJYJXH,651
651,2019-08-07,158.47,158.73,156.13,157.43,22984348.0,BABA VU1EHIDJYJXH,652
652,2019-08-08,156.03,159.48,155.3,159.17,16944409.0,BABA VU1EHIDJYJXH,653
653,2019-08-09,161.81,162.29,159.12,162.22,17069435.0,BABA VU1EHIDJYJXH,654
654,2019-08-10,161.0,161.99,159.12,159.13,10782641.0,BABA VU1EHIDJYJXH,655
655,2019-08-13,157.25,159.36,155.54,159.31,13071203.0,BABA VU1EHIDJYJXH,656
656,2019-08-14,160.91,167.32,159.57,164.04,21103570.0,BABA VU1EHIDJYJXH,657
657,2019-08-15,161.0,162.97,159.21,162.15,18883542.0,BABA VU1EHIDJYJXH,658
658,2019-08-16,170.0,170.8,164.36,167.05,30467578.0,BABA VU1EHIDJYJXH,659
659,2019-08-17,170.0,175.05,168.58,174.74,22403961.0,BABA VU1EHIDJYJXH,660
660,2019-08-20,177.38,178.8,175.59,178.28,15228843.0,BABA VU1EHIDJYJXH,661
661,2019-08-21,175.75,177.98,175.62,177.06,9470953.0,BABA VU1EHIDJYJXH,662
662,2019-08-22,177.42,178.5,174.89,175.24,8958059.0,BABA VU1EHIDJYJXH,663
663,2019-08-23,174.0,174.96,170.5,171.89,10763014.0,BABA VU1EHIDJYJXH,664
664,2019-08-24,170.0,171.49,163.86,164.54,18992036.0,BABA VU1EHIDJYJXH,665
665,2019-08-27,166.44,167.41,165.53,165.9,8091435.0,BABA VU1EHIDJYJXH,666
666,2019-08-28,167.2,168.18,165.19,166.2,10624154.0,BABA VU1EHIDJYJXH,667
667,2019-08-29,164.64,168.0,164.22,167.51,5849271.0,BABA VU1EHIDJYJXH,668
668,2019-08-30,171.16,173.96,170.95,172.8,10650845.0,BABA VU1EHIDJYJXH,669
669,2019-08-31,174.5,175.25,172.69,175.03,9377133.0,BABA VU1EHIDJYJXH,670
670,2019-09-04,172.95,174.7,172.16,172.41,7962834.0,BABA VU1EHIDJYJXH,671
671,2019-09-05,176.26,176.55,173.99,174.33,6378947.0,BABA VU1EHIDJYJXH,672
672,2019-09-06,177.0,178.95,176.52,178.91,10060085.0,BABA VU1EHIDJYJXH,673
673,2019-09-07,179.0,179.22,176.21,176.65,7718249.0,BABA VU1EHIDJYJXH,674
674,2019-09-10,177.99,177.99,175.87,177.78,6572041.0,BABA VU1EHIDJYJXH,675
675,2019-09-11,176.23,176.28,172.24,174.99,9061811.0,BABA VU1EHIDJYJXH,676
676,2019-09-12,176.0,176.66,174.16,176.09,6807494.0,BABA VU1EHIDJYJXH,677
677,2019-09-13,178.0,180.49,177.01,178.3,11739915.0,BABA VU1EHIDJYJXH,678
678,2019-09-14,179.67,180.18,178.61,179.17,8897624.0,BABA VU1EHIDJYJXH,679
679,2019-09-17,177.97,179.17,175.37,177.06,9282849.0,BABA VU1EHIDJYJXH,680
680,2019-09-18,177.05,179.11,176.1,179.01,6998753.0,BABA VU1EHIDJYJXH,681
681,2019-09-19,179.14,180.17,177.58,180.04,8551576.0,BABA VU1EHIDJYJXH,682
682,2019-09-20,180.9,184.13,180.43,180.43,14422182.0,BABA VU1EHIDJYJXH,683
683,2019-09-21,182.49,183.81,178.89,182.4,15706731.0,BABA VU1EHIDJYJXH,684
684,2019-09-24,181.25,181.31,176.92,177.1,13098368.0,BABA VU1EHIDJYJXH,685
685,2019-09-25,179.5,179.55,171.3,171.55,12738256.0,BABA VU1EHIDJYJXH,686
686,2019-09-26,172.3,176.99,171.76,176.67,10144221.0,BABA VU1EHIDJYJXH,687
687,2019-09-27,177.0,178.22,174.83,175.05,8242244.0,BABA VU1EHIDJYJXH,688
688,2019-09-28,176.0,176.5,163.15,165.93,31250730.0,BABA VU1EHIDJYJXH,689
689,2019-10-01,170.0,170.2,166.45,167.23,13418109.0,BABA VU1EHIDJYJXH,690
690,2019-10-02,168.01,168.23,163.65,165.16,12456742.0,BABA VU1EHIDJYJXH,691
691,2019-10-03,162.99,166.6,161.91,165.77,11172855.0,BABA VU1EHIDJYJXH,692
692,2019-10-04,166.58,170.18,165.0,169.51,9972785.0,BABA VU1EHIDJYJXH,693
693,2019-10-05,169.88,170.7,167.56,170.33,7606170.0,BABA VU1EHIDJYJXH,694
694,2019-10-08,168.87,172.29,167.21,168.24,10964685.0,BABA VU1EHIDJYJXH,695
695,2019-10-09,164.17,165.22,161.68,161.92,14582178.0,BABA VU1EHIDJYJXH,696
696,2019-10-10,165.69,166.57,163.42,165.2,10295490.0,BABA VU1EHIDJYJXH,697
697,2019-10-11,166.07,168.52,164.09,166.05,10665381.0,BABA VU1EHIDJYJXH,698
698,2019-10-12,170.74,174.87,169.57,172.94,18451173.0,BABA VU1EHIDJYJXH,699
699,2019-10-15,172.9,173.34,170.93,171.17,7184161.0,BABA VU1EHIDJYJXH,700
700,2019-10-16,172.91,176.75,172.71,175.29,13093570.0,BABA VU1EHIDJYJXH,701
701,2019-10-17,175.72,177.34,174.12,177.1,10020966.0,BABA VU1EHIDJYJXH,702
702,2019-10-18,178.0,178.55,175.23,176.82,7430090.0,BABA VU1EHIDJYJXH,703
703,2019-10-19,176.0,176.23,169.01,169.16,13862104.0,BABA VU1EHIDJYJXH,704
704,2019-10-22,172.64,173.91,170.87,173.53,8062214.0,BABA VU1EHIDJYJXH,705
705,2019-10-23,174.5,175.32,169.26,169.91,10071010.0,BABA VU1EHIDJYJXH,706
706,2019-10-24,170.25,171.02,168.12,169.92,8353296.0,BABA VU1EHIDJYJXH,707
707,2019-10-25,171.28,172.75,170.24,172.55,7164579.0,BABA VU1EHIDJYJXH,708
708,2019-10-26,171.56,175.78,170.91,174.28,8725267.0,BABA VU1EHIDJYJXH,709
709,2019-10-29,176.59,179.63,176.41,178.65,9687215.0,BABA VU1EHIDJYJXH,710
710,2019-10-30,177.06,177.74,175.45,176.89,7559288.0,BABA VU1EHIDJYJXH,711
711,2019-10-31,175.26,177.88,173.95,177.63,9261350.0,BABA VU1EHIDJYJXH,712
712,2019-11-01,179.1,179.24,175.5,176.57,12742775.0,BABA VU1EHIDJYJXH,713
713,2019-11-02,179.0,182.12,176.06,176.45,24764296.0,BABA VU1EHIDJYJXH,714
714,2019-11-05,180.66,182.4,178.02,179.64,42360033.0,BABA VU1EHIDJYJXH,715
715,2019-11-06,181.67,183.2,180.31,181.94,22069178.0,BABA VU1EHIDJYJXH,716
716,2019-11-07,183.5,185.0,182.2,184.08,13974899.0,BABA VU1EHIDJYJXH,717
717,2019-11-08,187.1,188.07,184.75,186.66,18925387.0,BABA VU1EHIDJYJXH,718
718,2019-11-09,188.01,188.28,185.15,187.13,17104104.0,BABA VU1EHIDJYJXH,719
719,2019-11-12,184.7,187.2,181.37,186.73,18980619.0,BABA VU1EHIDJYJXH,720
720,2019-11-13,185.91,187.63,185.14,186.96,9030297.0,BABA VU1EHIDJYJXH,721
721,2019-11-14,185.6,185.67,181.0,182.48,14007304.0,BABA VU1EHIDJYJXH,722
722,2019-11-15,182.68,184.48,181.33,182.68,11568389.0,BABA VU1EHIDJYJXH,723
723,2019-11-16,184.0,185.55,183.71,185.44,9995778.0,BABA VU1EHIDJYJXH,724
724,2019-11-19,186.91,186.98,184.18,184.62,10075580.0,BABA VU1EHIDJYJXH,725
725,2019-11-20,186.45,186.7,183.88,185.26,11425441.0,BABA VU1EHIDJYJXH,726
726,2019-11-21,183.69,183.69,181.06,182.35,14858482.0,BABA VU1EHIDJYJXH,727
727,2019-11-22,182.0,184.89,181.62,184.86,9851719.0,BABA VU1EHIDJYJXH,728
728,2019-11-23,185.77,186.78,183.95,186.78,8819111.0,BABA VU1EHIDJYJXH,729
729,2019-11-26,188.38,190.71,187.88,190.43,17565020.0,BABA VU1EHIDJYJXH,730
730,2019-11-27,190.45,195.0,189.04,194.87,22949826.0,BABA VU1EHIDJYJXH,731
731,2019-11-28,197.0,200.98,197.0,200.88,30277755.0,BABA VU1EHIDJYJXH,732
732,2019-11-30,199.7,200.43,198.38,199.95,15475749.0,BABA VU1EHIDJYJXH,733
733,2019-12-03,198.51,198.67,193.51,196.23,18229208.0,BABA VU1EHIDJYJXH,734
734,2019-12-04,190.93,194.89,189.87,194.89,15792068.0,BABA VU1EHIDJYJXH,735
735,2019-12-05,195.32,196.64,193.23,193.72,10771607.0,BABA VU1EHIDJYJXH,736
736,2019-12-06,196.91,200.92,196.43,200.07,20357213.0,BABA VU1EHIDJYJXH,737
737,2019-12-07,201.08,202.0,199.51,201.9,11772039.0,BABA VU1EHIDJYJXH,738
738,2019-12-10,200.25,203.38,198.71,198.72,11644411.0,BABA VU1EHIDJYJXH,739
739,2019-12-11,200.73,202.48,199.23,200.4,10758830.0,BABA VU1EHIDJYJXH,740
740,2019-12-12,201.0,204.77,200.75,204.67,10764838.0,BABA VU1EHIDJYJXH,741
741,2019-12-13,203.43,206.0,202.0,204.45,18419207.0,BABA VU1EHIDJYJXH,742
742,2019-12-14,206.0,207.1,203.79,204.91,15664964.0,BABA VU1EHIDJYJXH,743
743,2019-12-17,206.19,209.15,206.19,206.99,13971630.0,BABA VU1EHIDJYJXH,744
744,2019-12-18,208.27,208.85,206.83,208.15,10253912.0,BABA VU1EHIDJYJXH,745
745,2019-12-19,208.53,210.0,208.07,209.93,11062661.0,BABA VU1EHIDJYJXH,746
746,2019-12-20,209.78,211.36,209.25,210.01,9606102.0,BABA VU1EHIDJYJXH,747
747,2019-12-21,211.15,213.98,210.43,212.35,13522544.0,BABA VU1EHIDJYJXH,748
748,2019-12-24,213.02,215.05,212.95,214.84,8965904.0,BABA VU1EHIDJYJXH,749
749,2019-12-25,215.01,215.43,213.36,214.26,5225967.0,BABA VU1EHIDJYJXH,750
750,2019-12-27,214.75,216.99,214.36,216.37,6528938.0,BABA VU1EHIDJYJXH,751
751,2019-12-28,218.0,218.05,215.17,215.49,9614460.0,BABA VU1EHIDJYJXH,752
752,2019-12-31,215.48,215.59,211.76,212.87,8189483.0,BABA VU1EHIDJYJXH,753
753,2020-01-01,212.0,213.62,210.73,212.13,5865312.0,BABA VU1EHIDJYJXH,754
754,2020-01-03,216.88,219.98,216.54,219.8,14831408.0,BABA VU1EHIDJYJXH,755
755,2020-01-04,216.16,218.17,216.09,217.02,7160688.0,BABA VU1EHIDJYJXH,756
756,2020-01-07,215.0,217.16,214.1,216.59,9321993.0,BABA VU1EHIDJYJXH,757
757,2020-01-08,218.0,218.935,216.7,217.64,8494503.0,BABA VU1EHIDJYJXH,758
758,2020-01-09,216.5,220.65,216.46,217.93,8942389.0,BABA VU1EHIDJYJXH,759
759,2020-01-10,221.5,223.07,220.83,221.78,11325929.0,BABA VU1EHIDJYJXH,760
760,2020-01-11,223.99,225.96,222.07,223.81,10640136.0,BABA VU1EHIDJYJXH,761
761,2020-01-14,228.95,231.14,227.05,230.55,15821132.0,BABA VU1EHIDJYJXH,762
762,2020-01-15,230.05,230.175,224.91,226.45,15451377.0,BABA VU1EHIDJYJXH,763
763,2020-01-16,226.31,227.82,224.4,225.06,8596249.0,BABA VU1EHIDJYJXH,764
764,2020-01-17,226.18,226.44,222.75,223.97,12427214.0,BABA VU1EHIDJYJXH,765
765,2020-01-18,225.9,227.5,225.38,227.44,9617826.0,BABA VU1EHIDJYJXH,766
766,2020-01-22,222.11,222.56,220.74,222.41,13866781.0,BABA VU1EHIDJYJXH,767
767,2020-01-23,224.75,225.54,222.0,222.42,8343641.0,BABA VU1EHIDJYJXH,768
768,2020-01-24,217.8,220.11,216.77,219.13,14944523.0,BABA VU1EHIDJYJXH,769
769,2020-01-25,218.27,219.83,211.34,213.64,14492059.0,BABA VU1EHIDJYJXH,770
770,2020-01-28,201.0,208.01,199.5,205.46,21958307.0,BABA VU1EHIDJYJXH,771
771,2020-01-29,209.85,210.91,207.17,210.25,13631801.0,BABA VU1EHIDJYJXH,772
772,2020-01-30,212.22,213.97,209.54,212.03,11644631.0,BABA VU1EHIDJYJXH,773
773,2020-01-31,207.93,209.82,205.03,208.57,12848116.0,BABA VU1EHIDJYJXH,774
774,2020-02-01,206.26,207.925,204.75,206.58,15659796.0,BABA VU1EHIDJYJXH,775
775,2020-02-04,208.94,215.02,208.94,213.16,12379207.0,BABA VU1EHIDJYJXH,776
776,2020-02-05,221.5,224.38,220.5,222.88,14746346.0,BABA VU1EHIDJYJXH,777
777,2020-02-06,226.52,226.65,217.55,220.22,13219080.0,BABA VU1EHIDJYJXH,778
778,2020-02-07,222.9,223.65,219.79,220.89,9829982.0,BABA VU1EHIDJYJXH,779
779,2020-02-08,217.46,217.84,214.88,216.54,12230379.0,BABA VU1EHIDJYJXH,780
780,2020-02-11,213.5,215.75,212.36,215.72,14491224.0,BABA VU1EHIDJYJXH,781
781,2020-02-12,219.84,220.0,215.29,217.23,14806109.0,BABA VU1EHIDJYJXH,782
782,2020-02-13,220.91,225.52,220.23,224.44,16072329.0,BABA VU1EHIDJYJXH,783
783,2020-02-14,220.37,225.0,219.0,220.34,24076905.0,BABA VU1EHIDJYJXH,784
784,2020-02-15,221.1,221.64,218.23,219.63,9547221.0,BABA VU1EHIDJYJXH,785
785,2020-02-19,218.0,220.84,217.52,220.48,11776661.0,BABA VU1EHIDJYJXH,786
786,2020-02-20,221.63,223.56,220.75,222.12,9843705.0,BABA VU1EHIDJYJXH,787
787,2020-02-21,222.5,222.5,214.22,218.01,13393153.0,BABA VU1EHIDJYJXH,788
788,2020-02-22,217.54,217.6,211.58,212.58,16112233.0,BABA VU1EHIDJYJXH,789
789,2020-02-25,203.0,207.28,202.51,206.16,17501165.0,BABA VU1EHIDJYJXH,790
790,2020-02-26,208.67,209.95,204.1,205.59,16622400.0,BABA VU1EHIDJYJXH,791
791,2020-02-27,206.8,213.08,206.8,208.8,15665350.0,BABA VU1EHIDJYJXH,792
792,2020-02-28,205.0,209.96,201.865,205.03,20974712.0,BABA VU1EHIDJYJXH,793
793,2020-02-29,198.98,208.8,198.58,208.15,25098800.0,BABA VU1EHIDJYJXH,794
794,2020-03-03,208.56,211.11,203.77,210.98,19445045.0,BABA VU1EHIDJYJXH,795
795,2020-03-04,211.47,211.47,202.25,207.32,18600046.0,BABA VU1EHIDJYJXH,796
796,2020-03-05,210.0,212.7,208.88,211.93,10968174.0,BABA VU1EHIDJYJXH,797
797,2020-03-06,210.0,215.135,209.15,211.45,12380708.0,BABA VU1EHIDJYJXH,798
798,2020-03-07,206.45,207.0,201.12,204.76,19192658.0,BABA VU1EHIDJYJXH,799
799,2020-03-10,195.62,199.89,193.99,197.66,21761476.0,BABA VU1EHIDJYJXH,800
800,2020-03-11,205.34,207.45,200.8,206.47,16830046.0,BABA VU1EHIDJYJXH,801
801,2020-03-12,200.72,203.1,196.14,198.54,16855845.0,BABA VU1EHIDJYJXH,802
802,2020-03-13,186.15,190.4865,183.93,185.28,26279703.0,BABA VU1EHIDJYJXH,803
803,2020-03-14,195.15,195.95,187.82,193.28,20566782.0,BABA VU1EHIDJYJXH,804
804,2020-03-17,176.15,188.0,175.1,178.76,22228049.0,BABA VU1EHIDJYJXH,805
805,2020-03-18,181.26,189.388,179.75,184.805,17157518.0,BABA VU1EHIDJYJXH,806
806,2020-03-19,176.0,182.395,170.0,179.86,19693666.0,BABA VU1EHIDJYJXH,807
807,2020-03-20,179.28,187.22,177.39,180.87,18862356.0,BABA VU1EHIDJYJXH,808
808,2020-03-21,187.54,188.26,180.0,180.68,16889171.0,BABA VU1EHIDJYJXH,809
809,2020-03-24,175.0,178.5,169.96,176.47,20296706.0,BABA VU1EHIDJYJXH,810
810,2020-03-25,182.52,188.8,181.18,186.0,18955447.0,BABA VU1EHIDJYJXH,811
811,2020-03-26,185.82,195.16,185.53,188.55,18531679.0,BABA VU1EHIDJYJXH,812
812,2020-03-27,188.0,195.84,187.6,195.46,12058962.0,BABA VU1EHIDJYJXH,813
813,2020-03-28,190.0,192.73,188.01,188.6,10748482.0,BABA VU1EHIDJYJXH,814
814,2020-03-31,187.48,191.48,187.01,191.27,10877231.0,BABA VU1EHIDJYJXH,815
815,2020-04-01,192.0,196.79,190.61,194.41,17340828.0,BABA VU1EHIDJYJXH,816
816,2020-04-02,189.5,192.825,185.05,187.5,15735117.0,BABA VU1EHIDJYJXH,817
817,2020-04-03,186.08,191.255,185.7,188.9,12483366.0,BABA VU1EHIDJYJXH,818
818,2020-04-04,190.0,190.55,185.465,187.1,7960849.0,BABA VU1EHIDJYJXH,819
819,2020-04-07,194.74,196.88,192.7,196.45,12540661.0,BABA VU1EHIDJYJXH,820
820,2020-04-08,200.0,201.445,197.09,197.94,13182514.0,BABA VU1EHIDJYJXH,821
821,2020-04-09,198.34,198.81,193.9,195.72,12269102.0,BABA VU1EHIDJYJXH,822
822,2020-04-10,198.75,200.33,193.41,196.15,16493493.0,BABA VU1EHIDJYJXH,823
823,2020-04-14,197.4,200.325,195.53,199.53,11523775.0,BABA VU1EHIDJYJXH,824
824,2020-04-15,205.0,207.97,204.25,204.93,15211457.0,BABA VU1EHIDJYJXH,825
825,2020-04-16,204.77,209.15,201.31,208.32,9859122.0,BABA VU1EHIDJYJXH,826
826,2020-04-17,210.53,213.23,209.12,212.7,14684454.0,BABA VU1EHIDJYJXH,827
827,2020-04-18,214.5,214.83,208.89,209.52,12211487.0,BABA VU1EHIDJYJXH,828
828,2020-04-21,209.6,216.09,209.37,212.01,18161599.0,BABA VU1EHIDJYJXH,829
829,2020-04-22,209.9,212.13,205.05,207.19,12740249.0,BABA VU1EHIDJYJXH,830
830,2020-04-23,212.0,212.0,209.22,209.94,11713368.0,BABA VU1EHIDJYJXH,831
831,2020-04-24,210.1,210.545,203.46,205.155,19469020.0,BABA VU1EHIDJYJXH,832
832,2020-04-25,205.89,206.5,202.82,204.45,13527338.0,BABA VU1EHIDJYJXH,833
833,2020-04-28,207.74,207.74,202.11,203.79,15556218.0,BABA VU1EHIDJYJXH,834
834,2020-04-29,204.7,205.1,199.41,201.12,16019356.0,BABA VU1EHIDJYJXH,835
835,2020-04-30,202.93,207.075,202.53,206.69,17158876.0,BABA VU1EHIDJYJXH,836
836,2020-05-01,206.25,206.7,199.3,202.67,18133890.0,BABA VU1EHIDJYJXH,837
837,2020-05-02,195.75,197.38,192.86,194.46,21278354.0,BABA VU1EHIDJYJXH,838
838,2020-05-05,194.69,195.0,189.55,191.15,24879850.0,BABA VU1EHIDJYJXH,839
839,2020-05-06,196.45,198.25,194.2,195.02,20306432.0,BABA VU1EHIDJYJXH,840
840,2020-05-07,197.51,198.91,194.93,195.17,16898178.0,BABA VU1EHIDJYJXH,841
841,2020-05-08,198.0,198.09,194.78,196.49,15661778.0,BABA VU1EHIDJYJXH,842
842,2020-05-09,199.6,203.02,198.68,201.19,19638854.0,BABA VU1EHIDJYJXH,843
843,2020-05-12,202.69,206.63,202.38,205.4,16870377.0,BABA VU1EHIDJYJXH,844
844,2020-05-13,206.95,208.05,200.02,200.31,17477925.0,BABA VU1EHIDJYJXH,845
845,2020-05-14,203.73,204.68,197.99,199.46,21325568.0,BABA VU1EHIDJYJXH,846
846,2020-05-15,195.5,201.77,194.03,201.3,19045028.0,BABA VU1EHIDJYJXH,847
847,2020-05-16,200.7,204.48,200.11,203.68,16561873.0,BABA VU1EHIDJYJXH,848
848,2020-05-19,212.55,215.47,210.37,215.28,22595446.0,BABA VU1EHIDJYJXH,849
849,2020-05-20,216.73,220.59,215.25,217.2,19021489.0,BABA VU1EHIDJYJXH,850
850,2020-05-21,220.0,221.14,210.6,216.79,36060807.0,BABA VU1EHIDJYJXH,851
851,2020-05-22,211.29,214.55,209.54,212.16,27195423.0,BABA VU1EHIDJYJXH,852
852,2020-05-23,203.0,204.83,198.99,199.7,47053111.0,BABA VU1EHIDJYJXH,853
853,2020-05-27,206.0,206.79,201.07,201.72,25672659.0,BABA VU1EHIDJYJXH,854
854,2020-05-28,202.84,202.99,196.76,201.18,22156643.0,BABA VU1EHIDJYJXH,855
855,2020-05-29,199.0,202.37,197.62,199.49,18243017.0,BABA VU1EHIDJYJXH,856
856,2020-05-30,200.0,207.88,196.77,207.39,40451459.0,BABA VU1EHIDJYJXH,857
857,2020-06-02,205.92,207.2,203.94,206.57,15314639.0,BABA VU1EHIDJYJXH,858
858,2020-06-03,207.25,214.55,207.17,214.33,22150576.0,BABA VU1EHIDJYJXH,859
859,2020-06-04,215.52,218.96,213.75,218.61,19063704.0,BABA VU1EHIDJYJXH,860
860,2020-06-05,217.45,220.0,216.36,218.04,14482508.0,BABA VU1EHIDJYJXH,861
861,2020-06-06,220.0,220.59,218.7,219.55,11669455.0,BABA VU1EHIDJYJXH,862
862,2020-06-09,219.6,220.4,215.33,219.0,11938443.0,BABA VU1EHIDJYJXH,863
863,2020-06-10,216.2,220.72,216.2,220.72,13353824.0,BABA VU1EHIDJYJXH,864
864,2020-06-11,222.0,225.0,220.6,223.68,12916392.0,BABA VU1EHIDJYJXH,865
865,2020-06-12,218.0,219.91,213.56,215.24,14363817.0,BABA VU1EHIDJYJXH,866
866,2020-06-13,217.91,219.48,213.9,217.64,11643188.0,BABA VU1EHIDJYJXH,867
867,2020-06-16,214.03,217.72,212.75,217.03,16922551.0,BABA VU1EHIDJYJXH,868
868,2020-06-17,221.0,224.84,220.12,222.62,16572449.0,BABA VU1EHIDJYJXH,869
869,2020-06-18,224.4,225.0,222.52,224.25,10678901.0,BABA VU1EHIDJYJXH,870
870,2020-06-19,223.89,226.03,222.92,223.54,8979519.0,BABA VU1EHIDJYJXH,871
871,2020-06-20,226.38,226.49,220.1,220.64,17444004.0,BABA VU1EHIDJYJXH,872
872,2020-06-23,220.92,222.08,219.47,221.41,12412209.0,BABA VU1EHIDJYJXH,873
873,2020-06-24,225.12,230.22,224.54,228.75,17274324.0,BABA VU1EHIDJYJXH,874
874,2020-06-25,228.59,231.01,224.26,226.22,11912114.0,BABA VU1EHIDJYJXH,875
875,2020-06-26,224.59,224.69,220.87,222.0,14264032.0,BABA VU1EHIDJYJXH,876
876,2020-06-27,222.21,222.27,213.5,215.71,19116511.0,BABA VU1EHIDJYJXH,877
877,2020-06-30,215.03,216.08,211.82,215.02,12287652.0,BABA VU1EHIDJYJXH,878
878,2020-07-01,215.79,216.43,212.9,215.7,12493899.0,BABA VU1EHIDJYJXH,879
879,2020-07-02,215.83,216.54,214.75,215.95,11560366.0,BABA VU1EHIDJYJXH,880
880,2020-07-03,221.82,225.02,220.06,223.6,16935490.0,BABA VU1EHIDJYJXH,881
881,2020-07-07,233.45,240.47,232.82,240.0,30325089.0,BABA VU1EHIDJYJXH,882
882,2020-07-08,240.99,241.3,236.13,236.51,15891724.0,BABA VU1EHIDJYJXH,883
883,2020-07-09,244.71,258.49,244.02,257.68,37923128.0,BABA VU1EHIDJYJXH,884
884,2020-07-10,265.0,268.0,255.91,261.58,34998628.0,BABA VU1EHIDJYJXH,885
885,2020-07-11,259.87,261.9,255.75,261.01,19499690.0,BABA VU1EHIDJYJXH,886
886,2020-07-14,261.29,265.66,250.73,251.67,20970411.0,BABA VU1EHIDJYJXH,887
887,2020-07-15,246.35,249.75,241.23,248.58,17694062.0,BABA VU1EHIDJYJXH,888
888,2020-07-16,251.18,252.47,246.56,249.21,11864964.0,BABA VU1EHIDJYJXH,889
889,2020-07-17,242.0,245.0,240.74,242.5,17500804.0,BABA VU1EHIDJYJXH,890
890,2020-07-18,246.3,247.92,244.52,247.14,17352873.0,BABA VU1EHIDJYJXH,891
891,2020-07-21,256.58,257.65,252.43,254.81,17245321.0,BABA VU1EHIDJYJXH,892
892,2020-07-22,261.0,261.92,256.52,257.9,16276355.0,BABA VU1EHIDJYJXH,893
893,2020-07-23,256.08,256.27,249.61,251.7,18432844.0,BABA VU1EHIDJYJXH,894
894,2020-07-24,252.24,257.66,248.7,251.88,19335561.0,BABA VU1EHIDJYJXH,895
895,2020-07-25,245.0,249.48,241.89,249.0,14928330.0,BABA VU1EHIDJYJXH,896
896,2020-07-28,247.0,252.81,245.83,250.86,15242715.0,BABA VU1EHIDJYJXH,897
897,2020-07-29,251.05,251.65,248.55,249.05,8386976.0,BABA VU1EHIDJYJXH,898
898,2020-07-30,250.11,254.3,250.11,252.45,10479954.0,BABA VU1EHIDJYJXH,899
899,2020-07-31,251.6,253.86,249.68,252.74,6488998.0,BABA VU1EHIDJYJXH,900
900,2020-08-01,254.1,254.4,248.1,251.02,10645133.0,BABA VU1EHIDJYJXH,901
901,2020-08-04,254.48,260.65,254.0,257.94,11162689.0,BABA VU1EHIDJYJXH,902
902,2020-08-05,260.08,262.56,258.84,262.2,8599418.0,BABA VU1EHIDJYJXH,903
903,2020-08-06,263.74,265.97,261.76,264.95,8992330.0,BABA VU1EHIDJYJXH,904
904,2020-08-07,263.51,265.7,259.2,265.7,9054281.0,BABA VU1EHIDJYJXH,905
905,2020-08-08,257.41,257.76,247.61,252.1,21438927.0,BABA VU1EHIDJYJXH,906
906,2020-08-11,249.53,251.74,246.11,248.13,11126823.0,BABA VU1EHIDJYJXH,907
907,2020-08-12,251.4,252.87,247.83,248.42,9274293.0,BABA VU1EHIDJYJXH,908
908,2020-08-13,249.59,256.08,248.71,255.19,10838747.0,BABA VU1EHIDJYJXH,909
909,2020-08-14,256.58,256.97,252.92,253.72,7738272.0,BABA VU1EHIDJYJXH,910
910,2020-08-15,255.49,255.73,251.64,253.97,7320405.0,BABA VU1EHIDJYJXH,911
911,2020-08-18,253.0,257.375,250.11,256.96,8379791.0,BABA VU1EHIDJYJXH,912
912,2020-08-19,258.76,261.41,256.07,259.21,11423678.0,BABA VU1EHIDJYJXH,913
913,2020-08-20,260.64,261.29,257.41,260.59,13270668.0,BABA VU1EHIDJYJXH,914
914,2020-08-21,256.76,258.87,254.2,257.97,18834600.0,BABA VU1EHIDJYJXH,915
915,2020-08-22,259.15,267.42,258.31,265.8,23823145.0,BABA VU1EHIDJYJXH,916
916,2020-08-25,273.24,276.96,271.66,276.02,20921640.0,BABA VU1EHIDJYJXH,917
917,2020-08-26,278.08,289.12,276.04,286.0,26496701.0,BABA VU1EHIDJYJXH,918
918,2020-08-27,289.26,292.48,284.1,291.95,17296765.0,BABA VU1EHIDJYJXH,919
919,2020-08-28,290.01,290.22,282.11,284.17,14015108.0,BABA VU1EHIDJYJXH,920
920,2020-08-29,285.09,289.5,283.68,289.0,8253602.0,BABA VU1EHIDJYJXH,921
921,2020-09-01,288.54,289.14,283.61,287.03,12451564.0,BABA VU1EHIDJYJXH,922
922,2020-09-02,289.0,298.0,288.91,298.0,12962273.0,BABA VU1EHIDJYJXH,923
923,2020-09-03,299.09,299.09,289.86,296.07,11959958.0,BABA VU1EHIDJYJXH,924
924,2020-09-04,289.05,290.69,278.18,282.5,16129027.0,BABA VU1EHIDJYJXH,925
925,2020-09-05,279.53,283.78,267.5,281.39,14873108.0,BABA VU1EHIDJYJXH,926
926,2020-09-09,269.33,273.97,266.59,270.02,12236281.0,BABA VU1EHIDJYJXH,927
927,2020-09-10,274.85,275.63,270.88,273.15,8894028.0,BABA VU1EHIDJYJXH,928
928,2020-09-11,275.0,277.07,267.4,267.55,9953399.0,BABA VU1EHIDJYJXH,929
929,2020-09-12,272.8,274.53,268.12,271.61,8962164.0,BABA VU1EHIDJYJXH,930
930,2020-09-15,275.36,276.26,271.79,274.1,7610015.0,BABA VU1EHIDJYJXH,931
931,2020-09-16,277.32,279.1,274.83,277.96,7878521.0,BABA VU1EHIDJYJXH,932
932,2020-09-17,281.33,283.6,278.0,278.14,8934291.0,BABA VU1EHIDJYJXH,933
933,2020-09-18,273.3,275.85,272.36,275.72,7639563.0,BABA VU1EHIDJYJXH,934
934,2020-09-19,275.98,277.25,270.55,272.41,11039064.0,BABA VU1EHIDJYJXH,935
935,2020-09-22,269.0,274.21,266.44,273.82,7886182.0,BABA VU1EHIDJYJXH,936
936,2020-09-23,276.18,276.48,270.05,275.29,7262000.0,BABA VU1EHIDJYJXH,937
937,2020-09-24,275.4,277.83,271.5,272.95,6519992.0,BABA VU1EHIDJYJXH,938
938,2020-09-25,267.93,271.25,267.385,269.73,7164085.0,BABA VU1EHIDJYJXH,939
939,2020-09-26,267.5,271.81,264.56,271.09,8945214.0,BABA VU1EHIDJYJXH,940
940,2020-09-29,275.49,278.79,274.2,276.01,8198590.0,BABA VU1EHIDJYJXH,941
941,2020-09-30,275.22,279.27,274.9,276.93,7298788.0,BABA VU1EHIDJYJXH,942
942,2020-10-01,284.02,294.99,283.71,293.98,23725266.0,BABA VU1EHIDJYJXH,943
943,2020-10-02,295.48,295.59,288.25,290.05,15432753.0,BABA VU1EHIDJYJXH,944
944,2020-10-03,286.55,291.97,286.3,288.17,10725934.0,BABA VU1EHIDJYJXH,945
945,2020-10-06,289.0,289.89,284.88,288.27,17652710.0,BABA VU1EHIDJYJXH,946
946,2020-10-07,287.41,296.84,286.91,292.39,15409651.0,BABA VU1EHIDJYJXH,947
947,2020-10-08,297.97,299.42,293.0,296.5,15781968.0,BABA VU1EHIDJYJXH,948
948,2020-10-09,298.1,302.3,295.455,300.54,13154752.0,BABA VU1EHIDJYJXH,949
949,2020-10-10,298.77,302.61,297.74,299.74,10799881.0,BABA VU1EHIDJYJXH,950
950,2020-10-13,303.75,309.59,301.3,306.34,13926069.0,BABA VU1EHIDJYJXH,951
951,2020-10-14,306.36,310.01,303.04,308.78,10606794.0,BABA VU1EHIDJYJXH,952
952,2020-10-15,309.0,309.95,300.8,301.04,14391828.0,BABA VU1EHIDJYJXH,953
953,2020-10-16,293.97,299.86,292.61,299.46,8916546.0,BABA VU1EHIDJYJXH,954
954,2020-10-17,304.07,310.0,302.95,307.31,11838790.0,BABA VU1EHIDJYJXH,955
955,2020-10-20,309.89,313.76,303.435,305.29,13906050.0,BABA VU1EHIDJYJXH,956
956,2020-10-21,307.6,311.8,307.06,309.81,8236604.0,BABA VU1EHIDJYJXH,957
957,2020-10-22,311.43,314.0,307.7,307.97,10375698.0,BABA VU1EHIDJYJXH,958
958,2020-10-23,311.85,311.85,304.24,306.28,7823299.0,BABA VU1EHIDJYJXH,959
959,2020-10-24,307.27,310.33,304.1,309.92,6016044.0,BABA VU1EHIDJYJXH,960
960,2020-10-27,309.92,315.4,303.2,306.87,9173777.0,BABA VU1EHIDJYJXH,961
961,2020-10-28,307.75,319.31,305.73,317.14,12841491.0,BABA VU1EHIDJYJXH,962
962,2020-10-29,312.02,313.19,306.0,307.94,13038135.0,BABA VU1EHIDJYJXH,963
963,2020-10-30,309.44,315.58,308.91,312.56,10642152.0,BABA VU1EHIDJYJXH,964
964,2020-10-31,308.68,310.82,300.19,304.69,13225230.0,BABA VU1EHIDJYJXH,965
965,2020-11-03,311.08,311.44,305.39,310.84,11165937.0,BABA VU1EHIDJYJXH,966
966,2020-11-04,286.0,294.26,280.8,285.57,51518310.0,BABA VU1EHIDJYJXH,967
967,2020-11-05,287.78,299.17,285.3,295.71,26761880.0,BABA VU1EHIDJYJXH,968
968,2020-11-06,291.25,291.25,279.6,287.75,45874839.0,BABA VU1EHIDJYJXH,969
969,2020-11-07,290.25,300.89,289.79,299.95,21843391.0,BABA VU1EHIDJYJXH,970
970,2020-11-10,304.34,304.34,290.5,290.53,19046764.0,BABA VU1EHIDJYJXH,971
971,2020-11-11,279.97,280.0,264.34,266.54,56212567.0,BABA VU1EHIDJYJXH,972
972,2020-11-12,261.92,271.92,261.21,265.65,36911038.0,BABA VU1EHIDJYJXH,973
973,2020-11-13,271.04,271.2,263.04,264.31,24383495.0,BABA VU1EHIDJYJXH,974
974,2020-11-14,264.72,265.05,257.2,260.84,33032900.0,BABA VU1EHIDJYJXH,975
975,2020-11-17,259.91,262.57,257.03,258.31,18902574.0,BABA VU1EHIDJYJXH,976
976,2020-11-18,260.0,260.28,256.57,256.8,19050258.0,BABA VU1EHIDJYJXH,977
977,2020-11-19,258.0,258.3,252.58,255.83,26938832.0,BABA VU1EHIDJYJXH,978
978,2020-11-20,255.0,261.4,253.6,259.89,20289714.0,BABA VU1EHIDJYJXH,979
979,2020-11-21,264.0,272.36,261.9,270.72,31709087.0,BABA VU1EHIDJYJXH,980
980,2020-11-24,275.0,275.73,266.43,270.43,18967797.0,BABA VU1EHIDJYJXH,981
981,2020-11-25,276.0,280.5,272.8,279.96,16204928.0,BABA VU1EHIDJYJXH,982
982,2020-11-26,275.85,279.31,274.08,277.72,14419273.0,BABA VU1EHIDJYJXH,983
983,2020-11-28,278.8,278.91,275.67,276.48,8415485.0,BABA VU1EHIDJYJXH,984
984,2020-12-01,268.7,268.9,262.54,263.04,20322145.0,BABA VU1EHIDJYJXH,985
985,2020-12-02,265.47,265.67,261.57,264.08,12761440.0,BABA VU1EHIDJYJXH,986
986,2020-12-03,262.0,263.1,260.11,261.32,12768468.0,BABA VU1EHIDJYJXH,987
987,2020-12-04,263.48,268.575,263.16,266.91,14851248.0,BABA VU1EHIDJYJXH,988
988,2020-12-05,271.0,271.3,266.27,267.25,13929444.0,BABA VU1EHIDJYJXH,989
989,2020-12-08,265.78,265.93,262.68,264.0,10091697.0,BABA VU1EHIDJYJXH,990
990,2020-12-09,265.0,268.4,263.88,266.09,9106899.0,BABA VU1EHIDJYJXH,991
991,2020-12-10,267.91,267.91,263.1,263.8,8619398.0,BABA VU1EHIDJYJXH,992
992,2020-12-11,262.1,266.04,261.21,264.87,8926780.0,BABA VU1EHIDJYJXH,993
993,2020-12-12,264.0,265.31,262.5,264.54,6910635.0,BABA VU1EHIDJYJXH,994
994,2020-12-15,260.43,260.85,256.03,256.03,16126596.0,BABA VU1EHIDJYJXH,995
995,2020-12-16,255.34,255.55,252.3,255.11,15550093.0,BABA VU1EHIDJYJXH,996
996,2020-12-17,257.6,263.16,257.04,261.89,15281000.0,BABA VU1EHIDJYJXH,997
997,2020-12-18,264.7,264.85,260.29,264.43,13521123.0,BABA VU1EHIDJYJXH,998
998,2020-12-19,263.9,264.87,259.21,260.0,14601575.0,BABA VU1EHIDJYJXH,999
999,2020-12-22,255.17,260.45,254.5,260.43,9771737.0,BABA VU1EHIDJYJXH,1000
1000,2020-12-23,257.49,258.34,255.43,255.83,10434200.0,BABA VU1EHIDJYJXH,1001
1001,2020-12-24,255.5,257.31,252.54,256.18,10111926.0,BABA VU1EHIDJYJXH,1002
1002,2020-12-25,228.0,229.9,211.25,222.0,133089004.0,BABA VU1EHIDJYJXH,1003
1003,2020-12-29,216.81,224.99,215.35,222.36,69822867.0,BABA VU1EHIDJYJXH,1004
1004,2020-12-30,231.7,239.18,229.6,236.26,67193441.0,BABA VU1EHIDJYJXH,1005
1005,2020-12-31,243.0,243.39,234.65,238.39,43271985.0,BABA VU1EHIDJYJXH,1006
1006,2021-01-01,237.63,238.9,231.05,232.73,22754310.0,BABA VU1EHIDJYJXH,1007
1007,2021-01-05,226.5,230.38,225.05,227.85,23317183.0,BABA VU1EHIDJYJXH,1008
1008,2021-01-06,228.85,240.76,228.12,240.4,33775126.0,BABA VU1EHIDJYJXH,1009
1009,2021-01-07,235.0,238.3,225.87,227.61,35985028.0,BABA VU1EHIDJYJXH,1010
1010,2021-01-08,229.48,229.94,220.09,226.9,47320338.0,BABA VU1EHIDJYJXH,1011
1011,2021-01-09,226.9,238.6,226.9,236.19,33864323.0,BABA VU1EHIDJYJXH,1012
1012,2021-01-12,230.35,230.8,225.86,227.37,21852926.0,BABA VU1EHIDJYJXH,1013
1013,2021-01-13,228.32,229.75,225.15,225.6,17541632.0,BABA VU1EHIDJYJXH,1014
1014,2021-01-14,230.0,240.49,226.29,235.3,36734881.0,BABA VU1EHIDJYJXH,1015
1015,2021-01-15,245.35,245.7,241.48,242.98,29576889.0,BABA VU1EHIDJYJXH,1016
1016,2021-01-16,246.25,246.47,242.16,243.46,20662940.0,BABA VU1EHIDJYJXH,1017
1017,2021-01-20,250.0,252.88,246.99,251.65,20092521.0,BABA VU1EHIDJYJXH,1018
1018,2021-01-21,267.49,269.0,262.7,265.49,40604296.0,BABA VU1EHIDJYJXH,1019
1019,2021-01-22,264.4,264.5,257.92,260.0,18076581.0,BABA VU1EHIDJYJXH,1020
1020,2021-01-23,256.79,260.32,255.5,258.62,12500393.0,BABA VU1EHIDJYJXH,1021
1021,2021-01-26,263.61,265.2,257.85,261.38,17181170.0,BABA VU1EHIDJYJXH,1022
1022,2021-01-27,263.71,266.0,261.18,265.92,12524477.0,BABA VU1EHIDJYJXH,1023
1023,2021-01-28,265.34,265.92,259.95,260.25,13987257.0,BABA VU1EHIDJYJXH,1024
1024,2021-01-29,259.5,261.55,257.39,260.76,9709956.0,BABA VU1EHIDJYJXH,1025
1025,2021-01-30,255.88,258.79,252.36,253.83,13018861.0,BABA VU1EHIDJYJXH,1026
1026,2021-02-02,258.0,265.0,255.2,264.69,13827696.0,BABA VU1EHIDJYJXH,1027
1027,2021-02-03,264.54,265.0,254.04,254.5,26496518.0,BABA VU1EHIDJYJXH,1028
1028,2021-02-04,264.69,268.28,261.29,263.43,25218047.0,BABA VU1EHIDJYJXH,1029
1029,2021-02-05,268.97,269.99,265.57,266.96,14567676.0,BABA VU1EHIDJYJXH,1030
1030,2021-02-06,264.0,266.42,263.23,265.67,9799138.0,BABA VU1EHIDJYJXH,1031
1031,2021-02-09,265.0,265.0,261.82,262.59,10041969.0,BABA VU1EHIDJYJXH,1032
1032,2021-02-10,263.0,267.2,262.54,266.49,11324494.0,BABA VU1EHIDJYJXH,1033
1033,2021-02-11,268.75,270.38,264.68,267.79,11376952.0,BABA VU1EHIDJYJXH,1034
1034,2021-02-12,268.75,274.26,267.21,268.93,14431916.0,BABA VU1EHIDJYJXH,1035
1035,2021-02-13,269.09,270.23,265.75,267.85,9048945.0,BABA VU1EHIDJYJXH,1036
1036,2021-02-17,271.0,274.29,270.435,270.7,15595395.0,BABA VU1EHIDJYJXH,1037
1037,2021-02-18,270.52,272.316,267.82,270.83,12535260.0,BABA VU1EHIDJYJXH,1038
1038,2021-02-19,265.09,266.18,262.33,264.51,12005517.0,BABA VU1EHIDJYJXH,1039
1039,2021-02-20,266.0,269.3896,262.85,263.6267,11145429.0,BABA VU1EHIDJYJXH,1040
1040,2021-02-23,257.99,259.46,254.0,254.0,13334488.0,BABA VU1EHIDJYJXH,1041
1041,2021-02-24,247.17,254.9,241.62,252.75,14550623.0,BABA VU1EHIDJYJXH,1042
1042,2021-02-25,252.0,252.0,248.1,250.34,11262542.0,BABA VU1EHIDJYJXH,1043
1043,2021-02-26,250.0,250.34,240.07,240.18,17287377.0,BABA VU1EHIDJYJXH,1044
1044,2021-02-27,244.84,244.85,237.65,237.76,16475389.0,BABA VU1EHIDJYJXH,1045
1045,2021-03-02,241.05,242.79,239.26,241.69,12383369.0,BABA VU1EHIDJYJXH,1046
1046,2021-03-03,238.79,241.1999,234.275,234.42,14223475.0,BABA VU1EHIDJYJXH,1047
1047,2021-03-04,237.56,239.6086,234.4506,236.27,12528239.0,BABA VU1EHIDJYJXH,1048
1048,2021-03-05,235.0,236.37,228.36,230.5,18557236.0,BABA VU1EHIDJYJXH,1049
1049,2021-03-06,236.24,236.43,228.36,233.89,14665606.0,BABA VU1EHIDJYJXH,1050
1050,2021-03-09,229.0,230.81,226.53,226.69,16268000.0,BABA VU1EHIDJYJXH,1051
1051,2021-03-10,233.21,238.74,233.075,238.14,14142535.0,BABA VU1EHIDJYJXH,1052
1052,2021-03-11,241.0,241.325,233.64,234.3,10131521.0,BABA VU1EHIDJYJXH,1053
1053,2021-03-12,237.2,241.72,235.0,240.8,14752540.0,BABA VU1EHIDJYJXH,1054
1054,2021-03-13,233.88,234.08,229.7058,231.87,17140514.0,BABA VU1EHIDJYJXH,1055
1055,2021-03-16,228.38,230.45,226.26,230.28,13202642.0,BABA VU1EHIDJYJXH,1056
1056,2021-03-17,228.1,229.85,225.5306,226.93,18562884.0,BABA VU1EHIDJYJXH,1057
1057,2021-03-18,226.5,235.63,225.81,233.34,16391830.0,BABA VU1EHIDJYJXH,1058
1058,2021-03-19,238.425,239.45,235.56,236.43,13876799.0,BABA VU1EHIDJYJXH,1059
1059,2021-03-20,239.74,241.6,236.8838,239.79,14717206.0,BABA VU1EHIDJYJXH,1060
1060,2021-03-23,235.0,238.53,235.0,237.12,10101005.0,BABA VU1EHIDJYJXH,1061
1061,2021-03-24,237.3,241.12,235.5,237.67,12018766.0,BABA VU1EHIDJYJXH,1062
1062,2021-03-25,236.83,237.3,229.24,229.59,15017771.0,BABA VU1EHIDJYJXH,1063
1063,2021-03-26,225.0,229.24,222.5,222.72,22400719.0,BABA VU1EHIDJYJXH,1064
1064,2021-03-27,222.0,229.239,220.49,227.26,19722148.0,BABA VU1EHIDJYJXH,1065
1065,2021-03-30,225.49,232.38,225.1,231.86,15130406.0,BABA VU1EHIDJYJXH,1066
1066,2021-03-31,229.25,230.45,226.64,229.25,13831647.0,BABA VU1EHIDJYJXH,1067
1067,2021-04-01,230.0,231.52,226.48,226.73,15651928.0,BABA VU1EHIDJYJXH,1068
1068,2021-04-02,230.68,231.25,223.5,224.36,22708447.0,BABA VU1EHIDJYJXH,1069
1069,2021-04-06,226.53,226.57,222.52,225.3,13676820.0,BABA VU1EHIDJYJXH,1070
1070,2021-04-07,225.95,232.0,225.75,230.57,17654551.0,BABA VU1EHIDJYJXH,1071
1071,2021-04-08,226.11,228.19,224.8,225.42,17255980.0,BABA VU1EHIDJYJXH,1072
1072,2021-04-09,228.63,229.42,226.62,228.24,11698903.0,BABA VU1EHIDJYJXH,1073
1073,2021-04-10,224.85,225.07,221.32,223.31,19207543.0,BABA VU1EHIDJYJXH,1074
1074,2021-04-13,237.89,244.91,236.65,244.01,49412480.0,BABA VU1EHIDJYJXH,1075
1075,2021-04-14,243.63,245.66,239.714,241.89,19968232.0,BABA VU1EHIDJYJXH,1076
1076,2021-04-15,244.36,245.0799,238.65,239.23,11860591.0,BABA VU1EHIDJYJXH,1077
1077,2021-04-16,239.91,240.95,238.1268,239.09,10909619.0,BABA VU1EHIDJYJXH,1078
1078,2021-04-17,241.89,241.89,237.82,238.69,13038321.0,BABA VU1EHIDJYJXH,1079
1079,2021-04-20,237.22,238.42,232.83,234.78,10443921.0,BABA VU1EHIDJYJXH,1080
1080,2021-04-21,232.77,234.63,228.4301,229.88,11879633.0,BABA VU1EHIDJYJXH,1081
1081,2021-04-22,229.3,229.49,226.04,229.44,12902385.0,BABA VU1EHIDJYJXH,1082
1082,2021-04-23,228.765,234.0,227.8201,229.28,10744197.0,BABA VU1EHIDJYJXH,1083
1083,2021-04-24,230.65,233.0,230.51,232.08,8706403.0,BABA VU1EHIDJYJXH,1084
1084,2021-04-27,231.5,233.49,230.82,232.7,7434920.0,BABA VU1EHIDJYJXH,1085
1085,2021-04-28,233.57,236.93,232.1034,235.92,11202106.0,BABA VU1EHIDJYJXH,1086
1086,2021-04-29,237.57,239.21,236.33,236.72,8818719.0,BABA VU1EHIDJYJXH,1087
1087,2021-04-30,237.79,238.05,232.6,234.18,9343209.0,BABA VU1EHIDJYJXH,1088
1088,2021-05-01,231.94,233.85,230.51,230.95,8833646.0,BABA VU1EHIDJYJXH,1089
1089,2021-05-04,231.37,236.1699,230.4052,230.71,13047992.0,BABA VU1EHIDJYJXH,1090
1090,2021-05-05,230.25,231.47,225.45,227.9,12550058.0,BABA VU1EHIDJYJXH,1091
1091,2021-05-06,228.0,229.3,226.73,226.78,8553658.0,BABA VU1EHIDJYJXH,1092
1092,2021-05-07,227.0,228.44,222.9,226.42,12070143.0,BABA VU1EHIDJYJXH,1093
1093,2021-05-08,227.9,228.79,225.05,225.31,9576719.0,BABA VU1EHIDJYJXH,1094
1094,2021-05-11,222.0,222.87,218.56,219.53,15581906.0,BABA VU1EHIDJYJXH,1095
1095,2021-05-12,213.78,221.39,213.0,221.38,12719998.0,BABA VU1EHIDJYJXH,1096
1096,2021-05-13,225.0,225.21,219.0,219.9,15599291.0,BABA VU1EHIDJYJXH,1097
1097,2021-05-14,213.17,215.5,204.39,206.08,48095056.0,BABA VU1EHIDJYJXH,1098
1098,2021-05-15,209.9235,210.94,206.02,209.51,29851909.0,BABA VU1EHIDJYJXH,1099
1099,2021-05-18,210.31,213.15,209.44,211.05,18644313.0,BABA VU1EHIDJYJXH,1100
1100,2021-05-19,212.5,215.17,211.42,213.72,19512113.0,BABA VU1EHIDJYJXH,1101
1101,2021-05-20,211.0,212.91,210.12,212.54,16081418.0,BABA VU1EHIDJYJXH,1102
1102,2021-05-21,213.0,217.63,212.63,216.99,18640486.0,BABA VU1EHIDJYJXH,1103
1103,2021-05-22,215.17,215.89,209.87,211.06,21744721.0,BABA VU1EHIDJYJXH,1104
1104,2021-05-25,209.5,212.01,208.7,210.44,14120842.0,BABA VU1EHIDJYJXH,1105
1105,2021-05-26,213.13,214.05,210.44,211.13,13335801.0,BABA VU1EHIDJYJXH,1106
